Country/area,1963,2024,Absolute Change,Relative Change
Albania,,0.02%,,
Algeria,,,,
Angola,,,,
Armenia,,0.78%,,
Australia,,,,
Austria,,0.49%,,
Azerbaijan,,,,
Bangladesh,,5.01%,,
Belarus,,0.00%,,
Belgium,,0.03%,,
Belize,,,,
Benin,,12.72%,,
Bhutan,,0.00%,,
Bolivia,,1.96%,,
Bosnia and Herzegovina,,,,
Botswana,,,,
Brazil,,3.51%,,
Bulgaria,,0.70%,,
Burkina Faso,,25.28%,,
Burundi,,62.07%,,
Cameroon,,22.99%,,
Canada,,0.25%,,
Cape Verde,,,,
Central African Republic,,65.67%,,
Chad,,30.85%,,
Chile,,0.40%,,
China,,0.00%,,
Colombia,,6.04%,,
Comoros,,,,
Congo,,,,
Costa Rica,,0.88%,,
Cote d'Ivoire,,9.73%,,
Croatia,,0.31%,,
Cyprus,,0.01%,,
Czechia,,0.06%,,
Democratic Republic of Congo,,78.94%,,
Denmark,,0.15%,,
Djibouti,,,,
Dominican Republic,,0.76%,,
East Timor,,,,
Ecuador,,3.80%,,
Egypt,,1.47%,,
El Salvador,,3.36%,,
Estonia,,0.31%,,
Eswatini,,,,
Ethiopia,,,,
Fiji,,1.32%,,
Finland,,0.02%,,
France,,0.06%,,
Gabon,,,,
Gambia,,17.24%,,
Georgia,,4.27%,,
Germany,,0.24%,,
Ghana,,,,
Greece,,0.57%,,
Grenada,,,,
Guatemala,,,,
Guinea,,,,
Guinea-Bissau,,25.96%,,
Guyana,,,,
Haiti,,,,
Honduras,,12.74%,,
Hungary,,0.40%,,
Iceland,,,,
India,,12.92%,,
Indonesia,,1.82%,,
Iran,,0.47%,,
Iraq,,,,
Ireland,,0.06%,,
Israel,,0.24%,,
Italy,,0.81%,,
Jamaica,,0.31%,,
Japan,,,,
Jordan,,,,
Kazakhstan,,0.02%,,
Kenya,,36.15%,,
Kiribati,,1.68%,,
Kosovo,,,,
Kyrgyzstan,,0.31%,,
Laos,,,,
Latvia,,0.40%,,
Lebanon,,,,
Lesotho,,,,
Liberia,,,,
Lithuania,,0.25%,,
Luxembourg,,0.05%,,
Madagascar,,,,
Malawi,,70.06%,,
Malaysia,,0.00%,,
Maldives,,0.00%,,
Mali,,20.85%,,
Malta,,0.26%,,
Marshall Islands,,0.85%,,
Mauritania,,5.35%,,
Mauritius,,,,
Mexico,,1.18%,,
Micronesia (country),,,,
Moldova,,0.00%,,
Mongolia,,0.22%,,
Montenegro,,1.98%,,
Morocco,,,,
Mozambique,,74.53%,,
Myanmar,,,,
Namibia,,,,
Nauru,,,,
Nepal,,0.37%,,
Netherlands,,0.07%,,
Nicaragua,,,,
Niger,,50.61%,,
Nigeria,,,,
North Macedonia,,2.66%,,
Norway,,0.16%,,
Pakistan,,,,
Palestine,,,,
Panama,,1.29%,,
Papua New Guinea,,,,
Paraguay,,1.33%,,
Peru,,2.66%,,
Philippines,,6.75%,,
Poland,,0.11%,,
Portugal,,0.23%,,
Qatar,,,,
Romania,,1.76%,,
Russia,,0.01%,,
Rwanda,,,,
Saint Lucia,,,,
Samoa,,,,
Sao Tome and Principe,,,,
Senegal,,9.93%,,
Serbia,,1.24%,,
Seychelles,,,,
Sierra Leone,,,,
Slovakia,,0.10%,,
Slovenia,,0.00%,,
Solomon Islands,,,,
South Africa,,,,
South Korea,,0.00%,,
South Sudan,,,,
Spain,,0.56%,,
Sri Lanka,,0.96%,,
Sudan,,,,
Suriname,,1.10%,,
Sweden,,0.63%,,
Switzerland,,0.04%,,
Syria,,24.84%,,
Taiwan,,0.00%,,
Tajikistan,,,,
Tanzania,,,,
Thailand,,0.01%,,
Togo,,26.59%,,
Tonga,,0.02%,,
Trinidad and Tobago,,,,
Tunisia,,0.27%,,
Turkey,,0.44%,,
Turkmenistan,,,,
Tuvalu,,,,
Uganda,,42.12%,,
Ukraine,,0.03%,,
United Arab Emirates,,,,
United Kingdom,0.22%,0.25%,#ERROR!,"0,1"
United States,1.25%,1.25%,#ERROR!,0
Uruguay,,0.16%,,
Uzbekistan,,2.25%,,
Vanuatu,,9.96%,,
Venezuela,,,,
Vietnam,,0.96%,,
Yemen,,,,
Zambia,,64.35%,,
Zimbabwe,,39.75%,,
,,,,
Country/area,1963,2023,Absolute Change,Relative Change
Albania,,0.02%,,
Algeria,,,,
Angola,,31.12%,,
Armenia,,0.78%,,
Australia,,0.50%,,
Austria,,0.49%,,
Azerbaijan,,,,
Bangladesh,,5.01%,,
Belarus,,0.00%,,
Belgium,,0.03%,,
Belize,,,,
Benin,,12.72%,,
Bhutan,,0.00%,,
Bolivia,,1.96%,,
Bosnia and Herzegovina,,,,
Botswana,,,,
Brazil,,3.51%,,
Bulgaria,,0.70%,,
Burkina Faso,,25.28%,,
Burundi,,62.07%,,
Cameroon,,22.99%,,
Canada,,0.25%,,
Cape Verde,,,,
Central African Republic,,65.67%,,
Chad,,30.85%,,
Chile,,0.40%,,
China,,0.00%,,
Colombia,,6.04%,,
Comoros,,,,
Congo,,,,
Costa Rica,,0.88%,,
Cote d'Ivoire,,9.73%,,
Croatia,,0.31%,,
Cyprus,,0.01%,,
Czechia,,0.06%,,
Democratic Republic of Congo,,78.94%,,
Denmark,,0.15%,,
Djibouti,,,,
Dominican Republic,,0.76%,,
East Timor,,,,
Ecuador,,3.80%,,
Egypt,,1.47%,,
El Salvador,,3.36%,,
Estonia,,0.31%,,
Eswatini,,,,
Ethiopia,,,,
Fiji,,1.32%,,
Finland,,0.02%,,
France,,0.06%,,
Gabon,,,,
Gambia,,17.24%,,
Georgia,,4.27%,,
Germany,,0.24%,,
Ghana,,,,
Greece,,0.57%,,
Grenada,,0.32%,,
Guatemala,,,,
Guinea,,13.82%,,
Guinea-Bissau,,25.96%,,
Guyana,,,,
Haiti,,,,
Honduras,,12.74%,,
Hungary,,0.40%,,
Iceland,,,,
India,,12.92%,,
Indonesia,,1.82%,,
Iran,,0.47%,,
Iraq,,,,
Ireland,,0.06%,,
Israel,,0.24%,,
Italy,,0.81%,,
Jamaica,,0.31%,,
Japan,,,,
Jordan,,,,
Kazakhstan,,0.02%,,
Kenya,,36.15%,,
Kiribati,,1.68%,,
Kosovo,,,,
Kyrgyzstan,,0.31%,,
Laos,,7.14%,,
Latvia,,0.40%,,
Lebanon,,,,
Lesotho,,,,
Liberia,,,,
Lithuania,,0.25%,,
Luxembourg,,0.05%,,
Madagascar,,,,
Malawi,,70.06%,,
Malaysia,,0.00%,,
Maldives,,0.00%,,
Mali,,20.85%,,
Malta,,0.26%,,
Marshall Islands,,0.85%,,
Mauritania,,5.35%,,
Mauritius,,,,
Mexico,,1.18%,,
Micronesia (country),,,,
Moldova,,0.00%,,
Mongolia,,0.22%,,
Montenegro,,1.98%,,
Morocco,,,,
Mozambique,,74.53%,,
Myanmar,,,,
Namibia,,,,
Nauru,,,,
Nepal,,0.37%,,
Netherlands,,0.07%,,
Nicaragua,,,,
Niger,,50.61%,,
Nigeria,,30.86%,,
North Macedonia,,2.66%,,
Norway,,0.16%,,
Pakistan,,4.93%,,
Palestine,,,,
Panama,,1.29%,,
Papua New Guinea,,,,
Paraguay,,1.33%,,
Peru,,2.66%,,
Philippines,,6.75%,,
Poland,,0.11%,,
Portugal,,0.23%,,
Qatar,,,,
Romania,,1.76%,,
Russia,,0.01%,,
Rwanda,,,,
Saint Lucia,,,,
Samoa,,,,
Sao Tome and Principe,,,,
Senegal,,9.93%,,
Serbia,,1.24%,,
Seychelles,,0.51%,,
Sierra Leone,,26.06%,,
Slovakia,,0.10%,,
Slovenia,,0.00%,,
Solomon Islands,,,,
South Africa,,,,
South Korea,,0.00%,,
South Sudan,,,,
Spain,,0.56%,,
Sri Lanka,,0.96%,,
Sudan,,,,
Suriname,,1.10%,,
Sweden,,0.63%,,
Switzerland,,0.04%,,
Syria,,24.84%,,
Taiwan,,0.00%,,
Tajikistan,,,,
Tanzania,,44.95%,,
Thailand,,0.01%,,
Togo,,26.59%,,
Tonga,,0.02%,,
Trinidad and Tobago,,,,
Tunisia,,0.27%,,
Turkey,,0.44%,,
Turkmenistan,,,,
Tuvalu,,,,
Uganda,,42.12%,,
Ukraine,,0.03%,,
United Arab Emirates,,0.00%,,
United Kingdom,0.22%,0.25%,#ERROR!,"0,1"
United States,1.25%,1.25%,#ERROR!,0
Uruguay,,0.16%,,
Uzbekistan,,2.25%,,
Vanuatu,,9.96%,,
Venezuela,,,,
Vietnam,,0.96%,,
Yemen,,,,
Zambia,,64.35%,,
Zimbabwe,,39.75%,,
,,,,
,,,,
Country/area,1963,2022,Absolute Change,Relative Change
Albania,,0.02%,,
Algeria,,,,
Angola,,31.12%,,
Armenia,,0.78%,,
Australia,,0.50%,,
Austria,,0.49%,,
Azerbaijan,,,,
Bangladesh,,5.01%,,
Belarus,,0.00%,,
Belgium,,0.03%,,
Belize,,,,
Benin,,12.72%,,
Bhutan,,0.00%,,
Bolivia,,1.96%,,
Bosnia and Herzegovina,,,,
Botswana,,,,
Brazil,,3.51%,,
Bulgaria,,0.70%,,
Burkina Faso,,25.28%,,
Burundi,,62.07%,,
Cameroon,,22.99%,,
Canada,,0.25%,,
Cape Verde,,,,
Central African Republic,,65.67%,,
Chad,,30.85%,,
Chile,,0.40%,,
China,,0.00%,,
Colombia,,6.04%,,
Comoros,,,,
Congo,,,,
Costa Rica,,0.89%,,
Cote d'Ivoire,,9.73%,,
Croatia,,0.31%,,
Cyprus,,0.01%,,
Czechia,,0.06%,,
Democratic Republic of Congo,,78.94%,,
Denmark,,0.15%,,
Djibouti,,19.08%,,
Dominican Republic,,0.76%,,
East Timor,,,,
Ecuador,,3.18%,,
Egypt,,1.47%,,
El Salvador,,3.36%,,
Estonia,,0.31%,,
Eswatini,,,,
Ethiopia,,,,
Fiji,,1.32%,,
Finland,,0.02%,,
France,,0.06%,,
Gabon,,2.47%,,
Gambia,,17.24%,,
Georgia,,4.27%,,
Germany,,0.24%,,
Ghana,,,,
Greece,,0.57%,,
Grenada,,0.32%,,
Guatemala,,,,
Guinea,,13.82%,,
Guinea-Bissau,,25.96%,,
Guyana,,,,
Haiti,,,,
Honduras,,12.74%,,
Hungary,,0.40%,,
Iceland,,0.00%,,
India,,12.92%,,
Indonesia,,2.18%,,
Iran,,0.47%,,
Iraq,,,,
Ireland,,0.06%,,
Israel,,0.24%,,
Italy,,0.81%,,
Jamaica,,0.31%,,
Japan,,,,
Jordan,,,,
Kazakhstan,,0.02%,,
Kenya,,36.15%,,
Kiribati,,1.68%,,
Kosovo,,0.44%,,
Kyrgyzstan,,0.31%,,
Laos,,7.14%,,
Latvia,,0.40%,,
Lebanon,,,,
Lesotho,,32.40%,,
Liberia,,,,
Lithuania,,0.25%,,
Luxembourg,,0.05%,,
Madagascar,,,,
Malawi,,70.06%,,
Malaysia,,0.00%,,
Maldives,,0.00%,,
Mali,,20.85%,,
Malta,,0.26%,,
Marshall Islands,,0.85%,,
Mauritania,,5.35%,,
Mauritius,,0.13%,,
Mexico,,1.18%,,
Micronesia (country),,,,
Moldova,,0.00%,,
Mongolia,,0.22%,,
Montenegro,,1.98%,,
Morocco,,,,
Mozambique,,74.53%,,
Myanmar,,1.99%,,
Namibia,,,,
Nauru,,,,
Nepal,,0.37%,,
Netherlands,,0.07%,,
Nicaragua,,,,
Niger,,50.61%,,
Nigeria,,30.86%,,
North Macedonia,,2.66%,,
Norway,,0.16%,,
Pakistan,,4.93%,,
Palestine,,,,
Panama,,1.29%,,
Papua New Guinea,,,,
Paraguay,,1.33%,,
Peru,,2.66%,,
Philippines,,6.75%,,
Poland,,0.11%,,
Portugal,,0.23%,,
Qatar,,0.00%,,
Romania,,1.76%,,
Russia,,0.01%,,
Rwanda,,,,
Saint Lucia,,,,
Samoa,,,,
Sao Tome and Principe,,15.72%,,
Senegal,,9.93%,,
Serbia,,1.24%,,
Seychelles,,0.51%,,
Sierra Leone,,26.06%,,
Slovakia,,0.10%,,
Slovenia,,0.00%,,
Solomon Islands,,,,
South Africa,,,,
South Korea,,0.00%,,
South Sudan,,,,
Spain,,0.56%,,
Sri Lanka,,0.96%,,
Sudan,,,,
Suriname,,1.10%,,
Sweden,,0.63%,,
Switzerland,,0.04%,,
Syria,,24.84%,,
Taiwan,,0.00%,,
Tajikistan,,,,
Tanzania,,44.95%,,
Thailand,,0.01%,,
Togo,,26.59%,,
Tonga,,0.02%,,
Trinidad and Tobago,,,,
Tunisia,,0.27%,,
Turkey,,0.44%,,
Turkmenistan,,,,
Tuvalu,,,,
Uganda,,42.12%,,
Ukraine,,0.03%,,
United Arab Emirates,,0.00%,,
United Kingdom,0.22%,0.25%,#ERROR!,"0,1"
United States,1.25%,1.25%,#ERROR!,0
Uruguay,,0.16%,,
Uzbekistan,,2.25%,,
Vanuatu,,9.96%,,
Venezuela,,,,
Vietnam,,0.96%,,
Yemen,,,,
Zambia,,64.35%,,
Zimbabwe,,39.75%,,
,,,,
Country/area,1963,2021,Absolute Change,Relative Change
Albania,,0.02%,,
Algeria,,,,
Angola,,31.12%,,
Armenia,,0.52%,,
Australia,,0.50%,,
Austria,,0.49%,,
Azerbaijan,,,,
Bangladesh,,5.01%,,
Belarus,,0.00%,,
Belgium,,0.03%,,
Belize,,,,
Benin,,12.72%,,
Bhutan,,0.00%,,
Bolivia,,1.96%,,
Bosnia and Herzegovina,,,,
Botswana,,,,
Brazil,,5.83%,,
Bulgaria,,0.70%,,
Burkina Faso,,25.28%,,
Burundi,,62.07%,,
Cameroon,,22.99%,,
Canada,,0.25%,,
Cape Verde,,,,
Central African Republic,,65.67%,,
Chad,,30.85%,,
Chile,,0.40%,,
China,,0.00%,,
Colombia,,7.33%,,
Comoros,,,,
Congo,,,,
Costa Rica,,1.24%,,
Cote d'Ivoire,,9.73%,,
Croatia,,0.31%,,
Cyprus,,0.01%,,
Czechia,,0.06%,,
Democratic Republic of Congo,,78.94%,,
Denmark,,0.15%,,
Djibouti,,19.08%,,
Dominican Republic,,0.85%,,
East Timor,,,,
Ecuador,,3.58%,,
Egypt,,1.47%,,
El Salvador,,3.59%,,
Estonia,,0.31%,,
Eswatini,,36.08%,,
Ethiopia,,,,
Fiji,,1.32%,,
Finland,,0.02%,,
France,,0.06%,,
Gabon,,2.47%,,
Gambia,,17.24%,,
Georgia,,5.49%,,
Germany,,0.24%,,
Ghana,,25.21%,,
Greece,,0.57%,,
Grenada,,0.32%,,
Guatemala,,,,
Guinea,,13.82%,,
Guinea-Bissau,,25.96%,,
Guyana,,,,
Haiti,,,,
Honduras,,12.74%,,
Hungary,,0.40%,,
Iceland,,0.00%,,
India,,12.92%,,
Indonesia,,2.86%,,
Iran,,0.65%,,
Iraq,,,,
Ireland,,0.06%,,
Israel,,0.24%,,
Italy,,0.81%,,
Jamaica,,0.31%,,
Japan,,,,
Jordan,,,,
Kazakhstan,,0.02%,,
Kenya,,36.15%,,
Kiribati,,1.68%,,
Kosovo,,0.44%,,
Kyrgyzstan,,0.72%,,
Laos,,7.14%,,
Latvia,,0.40%,,
Lebanon,,,,
Lesotho,,32.40%,,
Liberia,,27.62%,,
Lithuania,,0.25%,,
Luxembourg,,0.05%,,
Madagascar,,,,
Malawi,,70.06%,,
Malaysia,,0.00%,,
Maldives,,0.00%,,
Mali,,20.85%,,
Malta,,0.26%,,
Marshall Islands,,0.85%,,
Mauritania,,5.35%,,
Mauritius,,0.13%,,
Mexico,,1.18%,,
Micronesia (country),,,,
Moldova,,0.00%,,
Mongolia,,0.22%,,
Montenegro,,1.98%,,
Morocco,,,,
Mozambique,,74.53%,,
Myanmar,,1.99%,,
Namibia,,,,
Nauru,,,,
Nepal,,0.37%,,
Netherlands,,0.07%,,
Nicaragua,,,,
Niger,,50.61%,,
Nigeria,,30.86%,,
North Macedonia,,2.66%,,
Norway,,0.16%,,
Pakistan,,4.93%,,
Palestine,,0.50%,,
Panama,,1.11%,,
Papua New Guinea,,,,
Paraguay,,0.69%,,
Peru,,2.77%,,
Philippines,,6.75%,,
Poland,,0.11%,,
Portugal,,0.23%,,
Qatar,,0.00%,,
Romania,,1.76%,,
Russia,,0.01%,,
Rwanda,,52.01%,,
Saint Lucia,,,,
Samoa,,,,
Sao Tome and Principe,,15.72%,,
Senegal,,9.93%,,
Serbia,,1.24%,,
Seychelles,,0.51%,,
Sierra Leone,,26.06%,,
Slovakia,,0.10%,,
Slovenia,,0.00%,,
Solomon Islands,,,,
South Africa,,,,
South Korea,,0.00%,,
South Sudan,,67.33%,,
Spain,,0.56%,,
Sri Lanka,,0.96%,,
Sudan,,,,
Suriname,,1.10%,,
Sweden,,0.63%,,
Switzerland,,0.04%,,
Syria,,24.84%,,
Taiwan,,0.00%,,
Tajikistan,,,,
Tanzania,,44.95%,,
Thailand,,0.01%,,
Togo,,26.59%,,
Tonga,,0.02%,,
Trinidad and Tobago,,,,
Tunisia,,0.27%,,
Turkey,,0.44%,,
Turkmenistan,,,,
Tuvalu,,,,
Uganda,,42.12%,,
Ukraine,,0.03%,,
United Arab Emirates,,0.00%,,
United Kingdom,0.22%,0.25%,#ERROR!,"0,1"
United States,1.25%,0.25%,-1.00 pp,−80%
Uruguay,,0.11%,,
Uzbekistan,,2.25%,,
Vanuatu,,9.96%,,
Venezuela,,,,
Vietnam,,0.96%,,
Yemen,,,,
Zambia,,64.35%,,
Zimbabwe,,39.75%,,
,,,,
,,,,
Country/area,1963,2020,Absolute Change,Relative Change
Albania,,0.02%,,
Algeria,,,,
Angola,,31.12%,,
Armenia,,0.35%,,
Australia,,0.50%,,
Austria,,0.68%,,
Azerbaijan,,,,
Bangladesh,,5.01%,,
Belarus,,0.00%,,
Belgium,,0.05%,,
Belize,,,,
Benin,,12.72%,,
Bhutan,,0.00%,,
Bolivia,,3.12%,,
Bosnia and Herzegovina,,,,
Botswana,,15.43%,,
Brazil,,1.95%,,
Bulgaria,,0.25%,,
Burkina Faso,,25.28%,,
Burundi,,62.07%,,
Cameroon,,22.99%,,
Canada,,0.25%,,
Cape Verde,,4.56%,,
Central African Republic,,65.67%,,
Chad,,30.85%,,
Chile,,1.34%,,
China,,0.00%,,
Colombia,,9.36%,,
Comoros,,,,
Congo,,,,
Costa Rica,,2.29%,,
Cote d'Ivoire,,9.73%,,
Croatia,,0.31%,,
Cyprus,,0.01%,,
Czechia,,0.01%,,
Democratic Republic of Congo,,78.94%,,
Denmark,,0.16%,,
Djibouti,,19.08%,,
Dominican Republic,,0.96%,,
East Timor,,,,
Ecuador,,6.52%,,
Egypt,,1.47%,,
El Salvador,,3.59%,,
Estonia,,0.35%,,
Eswatini,,36.08%,,
Ethiopia,,26.98%,,
Fiji,,1.32%,,
Finland,,0.03%,,
France,,0.11%,,
Gabon,,2.47%,,
Gambia,,17.24%,,
Georgia,,5.81%,,
Germany,,0.24%,,
Ghana,,25.21%,,
Greece,,0.81%,,
Grenada,,0.32%,,
Guatemala,,,,
Guinea,,13.82%,,
Guinea-Bissau,,25.96%,,
Guyana,,,,
Haiti,,,,
Honduras,,12.74%,,
Hungary,,0.35%,,
Iceland,,0.00%,,
India,,15.45%,,
Indonesia,,2.83%,,
Iran,,0.81%,,
Iraq,,,,
Ireland,,0.14%,,
Israel,,0.45%,,
Italy,,0.83%,,
Jamaica,,0.31%,,
Japan,,,,
Jordan,,,,
Kazakhstan,,0.01%,,
Kenya,,35.03%,,
Kiribati,,1.68%,,
Kosovo,,0.44%,,
Kyrgyzstan,,1.33%,,
Laos,,7.14%,,
Latvia,,0.46%,,
Lebanon,,,,
Lesotho,,32.40%,,
Liberia,,27.62%,,
Lithuania,,0.19%,,
Luxembourg,,0.00%,,
Madagascar,,,,
Malawi,,70.06%,,
Malaysia,,0.00%,,
Maldives,,0.00%,,
Mali,,20.85%,,
Malta,,0.26%,,
Marshall Islands,,0.85%,,
Mauritania,,5.35%,,
Mauritius,,0.13%,,
Mexico,,2.13%,,
Micronesia (country),,,,
Moldova,,0.00%,,
Mongolia,,0.22%,,
Montenegro,,1.77%,,
Morocco,,,,
Mozambique,,74.53%,,
Myanmar,,1.99%,,
Namibia,,15.62%,,
Nauru,,,,
Nepal,,0.37%,,
Netherlands,,0.03%,,
Nicaragua,,,,
Niger,,50.61%,,
Nigeria,,30.86%,,
North Macedonia,,2.66%,,
Norway,,0.16%,,
Pakistan,,4.93%,,
Palestine,,0.50%,,
Panama,,1.11%,,
Papua New Guinea,,,,
Paraguay,,0.81%,,
Peru,,5.82%,,
Philippines,,6.75%,,
Poland,,0.14%,,
Portugal,,0.47%,,
Qatar,,0.00%,,
Romania,,1.41%,,
Russia,,0.01%,,
Rwanda,,52.01%,,
Saint Lucia,,5.22%,,
Samoa,,,,
Sao Tome and Principe,,15.72%,,
Senegal,,9.93%,,
Serbia,,1.56%,,
Seychelles,,0.51%,,
Sierra Leone,,26.06%,,
Slovakia,,0.21%,,
Slovenia,,0.00%,,
Solomon Islands,,,,
South Africa,,,,
South Korea,,0.00%,,
South Sudan,,67.33%,,
Spain,,0.89%,,
Sri Lanka,,0.96%,,
Sudan,,,,
Suriname,,1.10%,,
Sweden,,0.39%,,
Switzerland,,0.04%,,
Syria,,24.84%,,
Taiwan,,0.00%,,
Tajikistan,,6.11%,,
Tanzania,,44.95%,,
Thailand,,0.05%,,
Togo,,26.59%,,
Tonga,,0.02%,,
Trinidad and Tobago,,,,
Tunisia,,0.27%,,
Turkey,,0.47%,,
Turkmenistan,,,,
Tuvalu,,,,
Uganda,,42.12%,,
Ukraine,,0.03%,,
United Arab Emirates,,0.00%,,
United Kingdom,0.22%,0.50%,#ERROR!,"1,24"
United States,1.25%,0.25%,-1.00 pp,−80%
Uruguay,,0.21%,,
Uzbekistan,,2.25%,,
Vanuatu,,9.96%,,
Venezuela,,,,
Vietnam,,0.65%,,
Yemen,,,,
Zambia,,64.35%,,
Zimbabwe,,39.75%,,
,,,,
,,,,
Country/area,1963,2019,Absolute Change,Relative Change
Albania,,0.00%,,
Algeria,,,,
Angola,,31.12%,,
Armenia,,1.03%,,
Australia,,0.50%,,
Austria,,0.64%,,
Azerbaijan,,,,
Bangladesh,,5.01%,,
Belarus,,0.00%,,
Belgium,,0.08%,,
Belize,,,,
Benin,,20.08%,,
Bhutan,,0.95%,,
Bolivia,,1.92%,,
Bosnia and Herzegovina,,,,
Botswana,,15.43%,,
Brazil,,5.41%,,
Bulgaria,,0.92%,,
Burkina Faso,,31.20%,,
Burundi,,62.07%,,
Cameroon,,22.99%,,
Canada,,0.25%,,
Cape Verde,,4.56%,,
Central African Republic,,65.67%,,
Chad,,30.88%,,
Chile,,1.34%,,
China,,0.00%,,
Colombia,,5.28%,,
Comoros,,18.64%,,
Congo,,,,
Costa Rica,,1.06%,,
Cote d'Ivoire,,11.50%,,
Croatia,,0.26%,,
Cyprus,,0.15%,,
Czechia,,0.00%,,
Democratic Republic of Congo,,78.94%,,
Denmark,,0.25%,,
Djibouti,,19.08%,,
Dominican Republic,,0.83%,,
East Timor,,24.44%,,
Ecuador,,3.58%,,
Egypt,,1.47%,,
El Salvador,,1.40%,,
Estonia,,0.56%,,
Eswatini,,36.08%,,
Ethiopia,,26.98%,,
Fiji,,1.32%,,
Finland,,0.04%,,
France,,0.05%,,
Gabon,,2.47%,,
Gambia,,17.24%,,
Georgia,,4.85%,,
Germany,,0.25%,,
Ghana,,25.21%,,
Greece,,0.69%,,
Grenada,,0.32%,,
Guatemala,,9.52%,,
Guinea,,13.82%,,
Guinea-Bissau,,21.66%,,
Guyana,,,,
Haiti,,,,
Honduras,,12.74%,,
Hungary,,0.30%,,
Iceland,,0.00%,,
India,,13.20%,,
Indonesia,,3.36%,,
Iran,,0.73%,,
Iraq,,,,
Ireland,,0.06%,,
Israel,,0.73%,,
Italy,,0.99%,,
Jamaica,,0.06%,,
Japan,,,,
Jordan,,,,
Kazakhstan,,0.02%,,
Kenya,,35.03%,,
Kiribati,,1.68%,,
Kosovo,,0.44%,,
Kyrgyzstan,,0.66%,,
Laos,,7.14%,,
Latvia,,0.24%,,
Lebanon,,,,
Lesotho,,32.40%,,
Liberia,,27.62%,,
Lithuania,,0.55%,,
Luxembourg,,0.10%,,
Madagascar,,,,
Malawi,,70.06%,,
Malaysia,,0.01%,,
Maldives,,0.00%,,
Mali,,15.22%,,
Malta,,0.30%,,
Marshall Islands,,0.85%,,
Mauritania,,5.35%,,
Mauritius,,0.13%,,
Mexico,,2.13%,,
Micronesia (country),,,,
Moldova,,0.03%,,
Mongolia,,0.71%,,
Montenegro,,2.00%,,
Morocco,,,,
Mozambique,,74.53%,,
Myanmar,,1.99%,,
Namibia,,15.62%,,
Nauru,,,,
Nepal,,0.37%,,
Netherlands,,0.10%,,
Nicaragua,,3.94%,,
Niger,,50.91%,,
Nigeria,,30.86%,,
North Macedonia,,2.66%,,
Norway,,0.16%,,
Pakistan,,4.93%,,
Palestine,,0.50%,,
Panama,,1.00%,,
Papua New Guinea,,,,
Paraguay,,1.01%,,
Peru,,2.98%,,
Philippines,,5.06%,,
Poland,,0.06%,,
Portugal,,0.15%,,
Qatar,,0.00%,,
Romania,,2.16%,,
Russia,,0.03%,,
Rwanda,,52.01%,,
Saint Lucia,,5.22%,,
Samoa,,,,
Sao Tome and Principe,,15.72%,,
Senegal,,9.22%,,
Serbia,,2.33%,,
Seychelles,,0.51%,,
Sierra Leone,,26.06%,,
Slovakia,,0.12%,,
Slovenia,,0.00%,,
Solomon Islands,,,,
South Africa,,20.49%,,
South Korea,,0.00%,,
South Sudan,,67.33%,,
Spain,,0.79%,,
Sri Lanka,,0.96%,,
Sudan,,15.26%,,
Suriname,,1.10%,,
Sweden,,0.32%,,
Switzerland,,0.02%,,
Syria,,24.84%,,
Taiwan,,0.00%,,
Tajikistan,,6.11%,,
Tanzania,,44.95%,,
Thailand,,0.10%,,
Togo,,28.43%,,
Tonga,,0.02%,,
Trinidad and Tobago,,,,
Tunisia,,0.27%,,
Turkey,,0.45%,,
Turkmenistan,,,,
Tuvalu,,,,
Uganda,,42.12%,,
Ukraine,,0.00%,,
United Arab Emirates,,0.00%,,
United Kingdom,0.22%,0.50%,#ERROR!,"1,24"
United States,1.25%,1.00%,-0.25 pp,−20%
Uruguay,,0.10%,,
Uzbekistan,,2.25%,,
Vanuatu,,9.96%,,
Venezuela,,,,
Vietnam,,0.65%,,
Yemen,,19.80%,,
Zambia,,64.35%,,
Zimbabwe,,39.75%,,
,,,,
,,,,
Country/area,1963,2018,Absolute Change,Relative Change
Albania,,0.05%,,
Algeria,,,,
Angola,,31.12%,,
Armenia,,1.34%,,
Australia,,0.50%,,
Austria,,0.57%,,
Azerbaijan,,,,
Bangladesh,,13.47%,,
Belarus,,0.00%,,
Belgium,,0.08%,,
Belize,,,,
Benin,,20.08%,,
Bhutan,,0.95%,,
Bolivia,,3.27%,,
Bosnia and Herzegovina,,,,
Botswana,,15.43%,,
Brazil,,5.31%,,
Bulgaria,,0.87%,,
Burkina Faso,,31.20%,,
Burundi,,62.07%,,
Cameroon,,22.99%,,
Canada,,0.25%,,
Cape Verde,,4.56%,,
Central African Republic,,65.67%,,
Chad,,30.88%,,
Chile,,0.36%,,
China,,0.00%,,
Colombia,,4.50%,,
Comoros,,18.64%,,
Congo,,,,
Costa Rica,,1.51%,,
Cote d'Ivoire,,11.50%,,
Croatia,,0.44%,,
Cyprus,,0.02%,,
Czechia,,0.01%,,
Democratic Republic of Congo,,78.94%,,
Denmark,,0.17%,,
Djibouti,,19.08%,,
Dominican Republic,,0.84%,,
East Timor,,24.44%,,
Ecuador,,3.31%,,
Egypt,,1.47%,,
El Salvador,,1.84%,,
Estonia,,0.25%,,
Eswatini,,36.08%,,
Ethiopia,,26.98%,,
Fiji,,1.32%,,
Finland,,0.06%,,
France,,0.02%,,
Gabon,,2.47%,,
Gambia,,17.24%,,
Georgia,,5.56%,,
Germany,,0.00%,,
Ghana,,25.21%,,
Greece,,0.14%,,
Grenada,,0.32%,,
Guatemala,,9.52%,,
Guinea,,13.82%,,
Guinea-Bissau,,21.66%,,
Guyana,,,,
Haiti,,,,
Honduras,,14.23%,,
Hungary,,0.21%,,
Iceland,,0.00%,,
India,,11.10%,,
Indonesia,,4.41%,,
Iran,,0.67%,,
Iraq,,,,
Ireland,,0.00%,,
Israel,,0.50%,,
Italy,,1.46%,,
Jamaica,,0.06%,,
Japan,,0.73%,,
Jordan,,,,
Kazakhstan,,0.02%,,
Kenya,,35.03%,,
Kiribati,,1.68%,,
Kosovo,,0.44%,,
Kyrgyzstan,,0.74%,,
Laos,,7.14%,,
Latvia,,0.36%,,
Lebanon,,,,
Lesotho,,32.40%,,
Liberia,,27.62%,,
Lithuania,,0.93%,,
Luxembourg,,0.28%,,
Madagascar,,,,
Malawi,,70.06%,,
Malaysia,,0.01%,,
Maldives,,0.00%,,
Mali,,15.22%,,
Malta,,0.10%,,
Marshall Islands,,0.85%,,
Mauritania,,5.35%,,
Mauritius,,0.13%,,
Mexico,,1.88%,,
Micronesia (country),,16.03%,,
Moldova,,0.00%,,
Mongolia,,0.71%,,
Montenegro,,2.84%,,
Morocco,,1.44%,,
Mozambique,,74.53%,,
Myanmar,,1.99%,,
Namibia,,15.62%,,
Nauru,,,,
Nepal,,0.37%,,
Netherlands,,0.10%,,
Nicaragua,,3.94%,,
Niger,,50.91%,,
Nigeria,,30.86%,,
North Macedonia,,3.40%,,
Norway,,0.25%,,
Pakistan,,4.93%,,
Palestine,,0.50%,,
Panama,,1.41%,,
Papua New Guinea,,,,
Paraguay,,1.41%,,
Peru,,3.57%,,
Philippines,,5.06%,,
Poland,,0.25%,,
Portugal,,0.29%,,
Qatar,,0.00%,,
Romania,,2.67%,,
Russia,,0.03%,,
Rwanda,,52.01%,,
Saint Lucia,,5.22%,,
Samoa,,1.15%,,
Sao Tome and Principe,,15.72%,,
Senegal,,9.22%,,
Serbia,,2.92%,,
Seychelles,,0.51%,,
Sierra Leone,,26.06%,,
Slovakia,,0.17%,,
Slovenia,,0.00%,,
Solomon Islands,,,,
South Africa,,20.49%,,
South Korea,,0.25%,,
South Sudan,,67.33%,,
Spain,,0.84%,,
Sri Lanka,,0.96%,,
Sudan,,15.26%,,
Suriname,,1.10%,,
Sweden,,0.73%,,
Switzerland,,0.03%,,
Syria,,24.84%,,
Taiwan,,0.00%,,
Tajikistan,,6.11%,,
Tanzania,,44.95%,,
Thailand,,0.03%,,
Togo,,28.43%,,
Tonga,,0.02%,,
Trinidad and Tobago,,,,
Tunisia,,0.27%,,
Turkey,,0.35%,,
Turkmenistan,,,,
Tuvalu,,,,
Uganda,,42.12%,,
Ukraine,,0.01%,,
United Arab Emirates,,0.00%,,
United Kingdom,0.22%,0.50%,#ERROR!,"1,24"
United States,1.25%,1.00%,-0.25 pp,−20%
Uruguay,,0.06%,,
Uzbekistan,,2.25%,,
Vanuatu,,9.96%,,
Venezuela,,,,
Vietnam,,1.23%,,
Yemen,,19.80%,,
Zambia,,60.79%,,
Zimbabwe,,39.75%,,
,,,,
,,,,
Country/area,1963,2017,Absolute Change,Relative Change
Albania,,0.39%,,
Algeria,,,,
Angola,,31.12%,,
Armenia,,0.79%,,
Australia,,0.50%,,
Austria,,0.32%,,
Azerbaijan,,,,
Bangladesh,,13.47%,,
Belarus,,0.00%,,
Belgium,,0.15%,,
Belize,,,,
Benin,,20.08%,,
Bhutan,,0.95%,,
Bolivia,,4.93%,,
Bosnia and Herzegovina,,,,
Botswana,,15.43%,,
Brazil,,5.30%,,
Bulgaria,,1.37%,,
Burkina Faso,,31.20%,,
Burundi,,62.07%,,
Cameroon,,25.66%,,
Canada,,0.25%,,
Cape Verde,,4.56%,,
Central African Republic,,65.67%,,
Chad,,30.88%,,
Chile,,0.36%,,
China,,0.00%,,
Colombia,,4.34%,,
Comoros,,18.64%,,
Congo,,,,
Costa Rica,,1.17%,,
Cote d'Ivoire,,11.50%,,
Croatia,,0.52%,,
Cyprus,,0.03%,,
Czechia,,0.00%,,
Democratic Republic of Congo,,78.94%,,
Denmark,,0.14%,,
Djibouti,,19.08%,,
Dominican Republic,,1.00%,,
East Timor,,24.44%,,
Ecuador,,3.21%,,
Egypt,,2.50%,,
El Salvador,,2.16%,,
Estonia,,0.27%,,
Eswatini,,36.08%,,
Ethiopia,,26.98%,,
Fiji,,1.32%,,
Finland,,0.07%,,
France,,0.02%,,
Gabon,,2.47%,,
Gambia,,13.38%,,
Georgia,,6.23%,,
Germany,,0.24%,,
Ghana,,25.21%,,
Greece,,0.87%,,
Grenada,,0.32%,,
Guatemala,,9.52%,,
Guinea,,13.82%,,
Guinea-Bissau,,21.66%,,
Guyana,,,,
Haiti,,57.88%,,
Honduras,,13.86%,,
Hungary,,0.61%,,
Iceland,,0.00%,,
India,,13.38%,,
Indonesia,,4.30%,,
Iran,,0.33%,,
Iraq,,0.09%,,
Ireland,,0.24%,,
Israel,,0.46%,,
Italy,,1.42%,,
Jamaica,,0.06%,,
Japan,,0.73%,,
Jordan,,,,
Kazakhstan,,0.04%,,
Kenya,,29.37%,,
Kiribati,,1.68%,,
Kosovo,,0.44%,,
Kyrgyzstan,,1.27%,,
Laos,,7.14%,,
Latvia,,0.80%,,
Lebanon,,,,
Lesotho,,32.40%,,
Liberia,,27.62%,,
Lithuania,,1.02%,,
Luxembourg,,0.28%,,
Madagascar,,80.73%,,
Malawi,,65.74%,,
Malaysia,,0.01%,,
Maldives,,0.00%,,
Mali,,15.22%,,
Malta,,0.16%,,
Marshall Islands,,0.85%,,
Mauritania,,5.35%,,
Mauritius,,0.13%,,
Mexico,,1.88%,,
Micronesia (country),,16.03%,,
Moldova,,0.00%,,
Mongolia,,0.71%,,
Montenegro,,3.31%,,
Morocco,,1.44%,,
Mozambique,,74.53%,,
Myanmar,,1.99%,,
Namibia,,15.62%,,
Nauru,,1.67%,,
Nepal,,0.37%,,
Netherlands,,0.19%,,
Nicaragua,,3.94%,,
Niger,,50.91%,,
Nigeria,,30.86%,,
North Macedonia,,4.49%,,
Norway,,0.29%,,
Pakistan,,4.93%,,
Palestine,,0.50%,,
Panama,,2.10%,,
Papua New Guinea,,,,
Paraguay,,0.98%,,
Peru,,4.50%,,
Philippines,,5.06%,,
Poland,,0.35%,,
Portugal,,0.41%,,
Qatar,,0.00%,,
Romania,,3.27%,,
Russia,,0.03%,,
Rwanda,,52.01%,,
Saint Lucia,,5.22%,,
Samoa,,1.15%,,
Sao Tome and Principe,,15.72%,,
Senegal,,9.22%,,
Serbia,,5.39%,,
Seychelles,,0.51%,,
Sierra Leone,,26.06%,,
Slovakia,,0.23%,,
Slovenia,,0.00%,,
Solomon Islands,,26.56%,,
South Africa,,20.49%,,
South Korea,,0.24%,,
South Sudan,,67.33%,,
Spain,,0.68%,,
Sri Lanka,,1.30%,,
Sudan,,15.26%,,
Suriname,,1.10%,,
Sweden,,0.25%,,
Switzerland,,0.00%,,
Syria,,24.84%,,
Taiwan,,0.00%,,
Tajikistan,,6.11%,,
Tanzania,,44.95%,,
Thailand,,0.04%,,
Togo,,28.43%,,
Tonga,,1.79%,,
Trinidad and Tobago,,,,
Tunisia,,0.14%,,
Turkey,,0.30%,,
Turkmenistan,,,,
Tuvalu,,,,
Uganda,,42.86%,,
Ukraine,,0.03%,,
United Arab Emirates,,0.00%,,
United Kingdom,0.22%,0.25%,#ERROR!,"0,12"
United States,1.25%,1.25%,#ERROR!,0
Uruguay,,0.07%,,
Uzbekistan,,2.25%,,
Vanuatu,,9.96%,,
Venezuela,,,,
Vietnam,,1.23%,,
Yemen,,19.80%,,
Zambia,,60.79%,,
Zimbabwe,,34.21%,,
,,,,
,,,,
Country/area,1963,2016,Absolute Change,Relative Change
Albania,,0.14%,,
Algeria,,0.00%,,
Angola,,31.12%,,
Armenia,,1.11%,,
Australia,,0.50%,,
Austria,,0.66%,,
Azerbaijan,,,,
Bangladesh,,13.47%,,
Belarus,,0.00%,,
Belgium,,0.06%,,
Belize,,,,
Benin,,50.71%,,
Bhutan,,0.95%,,
Bolivia,,5.62%,,
Bosnia and Herzegovina,,0.07%,,
Botswana,,15.43%,,
Brazil,,4.73%,,
Bulgaria,,1.97%,,
Burkina Faso,,31.20%,,
Burundi,,65.13%,,
Cameroon,,25.66%,,
Canada,,0.25%,,
Cape Verde,,4.56%,,
Central African Republic,,65.67%,,
Chad,,30.88%,,
Chile,,0.36%,,
China,,0.08%,,
Colombia,,4.91%,,
Comoros,,18.64%,,
Congo,,35.36%,,
Costa Rica,,1.34%,,
Cote d'Ivoire,,33.45%,,
Croatia,,0.62%,,
Cyprus,,0.04%,,
Czechia,,0.00%,,
Democratic Republic of Congo,,78.94%,,
Denmark,,0.28%,,
Djibouti,,19.08%,,
Dominican Republic,,2.03%,,
East Timor,,24.44%,,
Ecuador,,3.58%,,
Egypt,,2.50%,,
El Salvador,,2.63%,,
Estonia,,0.47%,,
Eswatini,,36.08%,,
Ethiopia,,26.98%,,
Fiji,,1.32%,,
Finland,,0.05%,,
France,,0.06%,,
Gabon,,2.47%,,
Gambia,,13.38%,,
Georgia,,4.91%,,
Germany,,0.00%,,
Ghana,,25.21%,,
Greece,,1.04%,,
Grenada,,0.32%,,
Guatemala,,9.52%,,
Guinea,,13.82%,,
Guinea-Bissau,,21.66%,,
Guyana,,,,
Haiti,,57.88%,,
Honduras,,14.61%,,
Hungary,,1.35%,,
Iceland,,0.00%,,
India,,18.12%,,
Indonesia,,6.67%,,
Iran,,0.45%,,
Iraq,,0.09%,,
Ireland,,0.13%,,
Israel,,0.24%,,
Italy,,1.63%,,
Jamaica,,0.06%,,
Japan,,0.73%,,
Jordan,,,,
Kazakhstan,,0.05%,,
Kenya,,29.37%,,
Kiribati,,1.68%,,
Kosovo,,0.76%,,
Kyrgyzstan,,1.14%,,
Laos,,7.14%,,
Latvia,,0.65%,,
Lebanon,,0.00%,,
Lesotho,,32.40%,,
Liberia,,27.62%,,
Lithuania,,1.27%,,
Luxembourg,,0.12%,,
Madagascar,,80.73%,,
Malawi,,65.74%,,
Malaysia,,0.02%,,
Maldives,,0.00%,,
Mali,,15.22%,,
Malta,,0.09%,,
Marshall Islands,,0.85%,,
Mauritania,,6.49%,,
Mauritius,,0.13%,,
Mexico,,2.32%,,
Micronesia (country),,16.03%,,
Moldova,,0.11%,,
Mongolia,,0.71%,,
Montenegro,,2.47%,,
Morocco,,1.44%,,
Mozambique,,64.64%,,
Myanmar,,1.99%,,
Namibia,,15.62%,,
Nauru,,1.67%,,
Nepal,,,,
Netherlands,,0.05%,,
Nicaragua,,3.94%,,
Niger,,50.91%,,
Nigeria,,32.26%,,
North Macedonia,,4.24%,,
Norway,,0.28%,,
Pakistan,,5.11%,,
Palestine,,0.50%,,
Panama,,1.52%,,
Papua New Guinea,,,,
Paraguay,,1.69%,,
Peru,,4.60%,,
Philippines,,8.29%,,
Poland,,0.24%,,
Portugal,,0.37%,,
Qatar,,0.00%,,
Romania,,3.24%,,
Russia,,0.03%,,
Rwanda,,52.01%,,
Saint Lucia,,5.22%,,
Samoa,,1.15%,,
Sao Tome and Principe,,15.72%,,
Senegal,,9.22%,,
Serbia,,6.36%,,
Seychelles,,0.51%,,
Sierra Leone,,26.06%,,
Slovakia,,1.38%,,
Slovenia,,0.00%,,
Solomon Islands,,26.56%,,
South Africa,,20.49%,,
South Korea,,0.25%,,
South Sudan,,67.33%,,
Spain,,1.13%,,
Sri Lanka,,1.30%,,
Sudan,,15.26%,,
Suriname,,,,
Sweden,,0.26%,,
Switzerland,,0.03%,,
Syria,,,,
Taiwan,,0.00%,,
Tajikistan,,6.11%,,
Tanzania,,44.95%,,
Thailand,,0.04%,,
Togo,,54.69%,,
Tonga,,1.79%,,
Trinidad and Tobago,,,,
Tunisia,,0.14%,,
Turkey,,0.20%,,
Turkmenistan,,,,
Tuvalu,,,,
Uganda,,42.86%,,
Ukraine,,0.10%,,
United Arab Emirates,,0.00%,,
United Kingdom,0.22%,0.25%,#ERROR!,"0,12"
United States,1.25%,1.00%,-0.25 pp,−20%
Uruguay,,0.09%,,
Uzbekistan,,,,
Vanuatu,,9.96%,,
Venezuela,,,,
Vietnam,,1.26%,,
Yemen,,19.80%,,
Zambia,,60.79%,,
Zimbabwe,,34.21%,,
,,,,
Country/area,1963,2015,Absolute Change,Relative Change
Albania,,0.10%,,
Algeria,,0.00%,,
Angola,,31.12%,,
Armenia,,1.15%,,
Australia,,0.50%,,
Austria,,0.68%,,
Azerbaijan,,,,
Bangladesh,,13.47%,,
Belarus,,0.00%,,
Belgium,,0.07%,,
Belize,,,,
Benin,,50.71%,,
Bhutan,,0.95%,,
Bolivia,,4.63%,,
Bosnia and Herzegovina,,0.07%,,
Botswana,,15.43%,,
Brazil,,3.88%,,
Bulgaria,,3.42%,,
Burkina Faso,,39.60%,,
Burundi,,65.13%,,
Cameroon,,25.66%,,
Canada,,0.25%,,
Cape Verde,,4.56%,,
Central African Republic,,,,
Chad,,30.88%,,
Chile,,0.43%,,
China,,0.56%,,
Colombia,,4.93%,,
Comoros,,18.64%,,
Congo,,35.36%,,
Costa Rica,,1.57%,,
Cote d'Ivoire,,33.45%,,
Croatia,,0.59%,,
Cyprus,,0.03%,,
Czechia,,0.01%,,
Democratic Republic of Congo,,69.69%,,
Denmark,,0.18%,,
Djibouti,,19.08%,,
Dominican Republic,,2.53%,,
East Timor,,24.44%,,
Ecuador,,3.44%,,
Egypt,,0.91%,,
El Salvador,,2.31%,,
Estonia,,0.60%,,
Eswatini,,36.08%,,
Ethiopia,,26.98%,,
Fiji,,0.36%,,
Finland,,0.07%,,
France,,0.13%,,
Gabon,,2.47%,,
Gambia,,13.38%,,
Georgia,,4.88%,,
Germany,,0.00%,,
Ghana,,25.21%,,
Greece,,1.37%,,
Grenada,,0.32%,,
Guatemala,,9.52%,,
Guinea,,13.82%,,
Guinea-Bissau,,21.66%,,
Guyana,,,,
Haiti,,57.88%,,
Honduras,,12.98%,,
Hungary,,0.63%,,
Iceland,,0.03%,,
India,,18.75%,,
Indonesia,,8.45%,,
Iran,,0.40%,,
Iraq,,0.09%,,
Ireland,,0.37%,,
Israel,,0.49%,,
Italy,,1.95%,,
Jamaica,,0.06%,,
Japan,,0.73%,,
Jordan,,0.04%,,
Kazakhstan,,0.04%,,
Kenya,,29.37%,,
Kiribati,,1.68%,,
Kosovo,,0.78%,,
Kyrgyzstan,,2.18%,,
Laos,,7.14%,,
Latvia,,0.65%,,
Lebanon,,0.00%,,
Lesotho,,32.40%,,
Liberia,,27.62%,,
Lithuania,,0.72%,,
Luxembourg,,0.30%,,
Madagascar,,80.73%,,
Malawi,,65.74%,,
Malaysia,,0.02%,,
Maldives,,0.00%,,
Mali,,15.22%,,
Malta,,0.08%,,
Marshall Islands,,0.85%,,
Mauritania,,6.49%,,
Mauritius,,0.13%,,
Mexico,,2.32%,,
Micronesia (country),,16.03%,,
Moldova,,0.03%,,
Mongolia,,0.71%,,
Montenegro,,1.35%,,
Morocco,,1.44%,,
Mozambique,,64.64%,,
Myanmar,,6.22%,,
Namibia,,15.62%,,
Nauru,,1.67%,,
Nepal,,8.24%,,
Netherlands,,0.06%,,
Nicaragua,,3.94%,,
Niger,,53.56%,,
Nigeria,,32.26%,,
North Macedonia,,5.50%,,
Norway,,0.17%,,
Pakistan,,5.11%,,
Palestine,,0.50%,,
Panama,,1.51%,,
Papua New Guinea,,,,
Paraguay,,1.89%,,
Peru,,4.72%,,
Philippines,,8.29%,,
Poland,,0.43%,,
Portugal,,0.48%,,
Qatar,,0.00%,,
Romania,,5.27%,,
Russia,,0.03%,,
Rwanda,,52.01%,,
Saint Lucia,,5.22%,,
Samoa,,1.15%,,
Sao Tome and Principe,,15.72%,,
Senegal,,9.22%,,
Serbia,,6.65%,,
Seychelles,,1.24%,,
Sierra Leone,,26.06%,,
Slovakia,,0.66%,,
Slovenia,,0.00%,,
Solomon Islands,,26.56%,,
South Africa,,20.49%,,
South Korea,,0.25%,,
South Sudan,,67.33%,,
Spain,,0.90%,,
Sri Lanka,,1.30%,,
Sudan,,15.26%,,
Suriname,,,,
Sweden,,0.57%,,
Switzerland,,0.03%,,
Syria,,,,
Taiwan,,0.00%,,
Tajikistan,,6.11%,,
Tanzania,,44.95%,,
Thailand,,0.05%,,
Togo,,54.69%,,
Tonga,,1.79%,,
Trinidad and Tobago,,,,
Tunisia,,0.14%,,
Turkey,,0.21%,,
Turkmenistan,,,,
Tuvalu,,3.63%,,
Uganda,,42.86%,,
Ukraine,,0.12%,,
United Arab Emirates,,0.00%,,
United Kingdom,0.22%,0.25%,#ERROR!,"0,12"
United States,1.25%,1.25%,#ERROR!,0
Uruguay,,0.15%,,
Uzbekistan,,,,
Vanuatu,,9.96%,,
Venezuela,,,,
Vietnam,,1.26%,,
Yemen,,19.80%,,
Zambia,,60.79%,,
Zimbabwe,,34.21%,,
,,,,
Country/area,1963,2014,Absolute Change,Relative Change
Albania,,1.02%,,
Algeria,,0.00%,,
Angola,,31.12%,,
Armenia,,1.44%,,
Australia,,0.50%,,
Austria,,0.22%,,
Azerbaijan,,,,
Bangladesh,,13.47%,,
Belarus,,0.00%,,
Belgium,,0.08%,,
Belize,,,,
Benin,,50.71%,,
Bhutan,,1.73%,,
Bolivia,,4.28%,,
Bosnia and Herzegovina,,0.07%,,
Botswana,,15.43%,,
Brazil,,3.33%,,
Bulgaria,,1.66%,,
Burkina Faso,,39.60%,,
Burundi,,65.13%,,
Cameroon,,25.66%,,
Canada,,0.24%,,
Cape Verde,,4.56%,,
Central African Republic,,,,
Chad,,36.62%,,
Chile,,0.43%,,
China,,1.74%,,
Colombia,,5.43%,,
Comoros,,18.64%,,
Congo,,35.36%,,
Costa Rica,,1.51%,,
Cote d'Ivoire,,33.45%,,
Croatia,,0.98%,,
Cyprus,,0.08%,,
Czechia,,0.00%,,
Democratic Republic of Congo,,69.69%,,
Denmark,,0.20%,,
Djibouti,,24.93%,,
Dominican Republic,,3.36%,,
East Timor,,24.44%,,
Ecuador,,2.64%,,
Egypt,,0.91%,,
El Salvador,,3.44%,,
Estonia,,0.83%,,
Eswatini,,36.08%,,
Ethiopia,,26.98%,,
Fiji,,0.36%,,
Finland,,0.07%,,
France,,0.02%,,
Gabon,,2.47%,,
Gambia,,13.38%,,
Georgia,,6.13%,,
Germany,,0.00%,,
Ghana,,25.21%,,
Greece,,1.51%,,
Grenada,,0.32%,,
Guatemala,,9.52%,,
Guinea,,24.54%,,
Guinea-Bissau,,21.66%,,
Guyana,,,,
Haiti,,57.88%,,
Honduras,,13.28%,,
Hungary,,0.66%,,
Iceland,,0.00%,,
India,,18.75%,,
Indonesia,,9.68%,,
Iran,,0.62%,,
Iraq,,0.09%,,
Ireland,,0.39%,,
Israel,,0.49%,,
Italy,,1.23%,,
Jamaica,,0.06%,,
Japan,,0.73%,,
Jordan,,0.04%,,
Kazakhstan,,0.02%,,
Kenya,,29.37%,,
Kiribati,,1.68%,,
Kosovo,,1.14%,,
Kyrgyzstan,,1.05%,,
Laos,,10.89%,,
Latvia,,0.79%,,
Lebanon,,0.00%,,
Lesotho,,32.40%,,
Liberia,,25.93%,,
Lithuania,,1.26%,,
Luxembourg,,0.14%,,
Madagascar,,80.73%,,
Malawi,,65.74%,,
Malaysia,,0.02%,,
Maldives,,0.00%,,
Mali,,15.22%,,
Malta,,0.00%,,
Marshall Islands,,0.85%,,
Mauritania,,6.49%,,
Mauritius,,0.41%,,
Mexico,,3.98%,,
Micronesia (country),,16.03%,,
Moldova,,0.00%,,
Mongolia,,0.33%,,
Montenegro,,1.63%,,
Morocco,,1.44%,,
Mozambique,,64.64%,,
Myanmar,,6.22%,,
Namibia,,15.62%,,
Nauru,,1.67%,,
Nepal,,8.24%,,
Netherlands,,0.06%,,
Nicaragua,,3.94%,,
Niger,,53.56%,,
Nigeria,,32.26%,,
North Macedonia,,4.52%,,
Norway,,0.11%,,
Pakistan,,5.11%,,
Palestine,,0.50%,,
Panama,,2.89%,,
Papua New Guinea,,39.68%,,
Paraguay,,2.41%,,
Peru,,4.82%,,
Philippines,,8.29%,,
Poland,,0.40%,,
Portugal,,0.55%,,
Qatar,,0.00%,,
Romania,,7.02%,,
Russia,,0.02%,,
Rwanda,,53.75%,,
Saint Lucia,,5.22%,,
Samoa,,1.15%,,
Sao Tome and Principe,,15.72%,,
Senegal,,40.98%,,
Serbia,,6.92%,,
Seychelles,,1.24%,,
Sierra Leone,,38.70%,,
Slovakia,,0.68%,,
Slovenia,,0.00%,,
Solomon Islands,,26.56%,,
South Africa,,20.49%,,
South Korea,,0.24%,,
South Sudan,,67.33%,,
Spain,,0.79%,,
Sri Lanka,,1.30%,,
Sudan,,15.26%,,
Suriname,,,,
Sweden,,0.47%,,
Switzerland,,0.03%,,
Syria,,1.23%,,
Taiwan,,0.00%,,
Tajikistan,,6.11%,,
Tanzania,,44.66%,,
Thailand,,0.09%,,
Togo,,54.69%,,
Tonga,,1.79%,,
Trinidad and Tobago,,,,
Tunisia,,0.14%,,
Turkey,,0.20%,,
Turkmenistan,,,,
Tuvalu,,3.63%,,
Uganda,,42.86%,,
Ukraine,,0.01%,,
United Arab Emirates,,0.00%,,
United Kingdom,0.22%,0.25%,#ERROR!,"0,11"
United States,1.25%,1.25%,#ERROR!,0
Uruguay,,0.15%,,
Uzbekistan,,,,
Vanuatu,,14.65%,,
Venezuela,,,,
Vietnam,,1.91%,,
Yemen,,19.80%,,
Zambia,,60.79%,,
Zimbabwe,,34.21%,,
,,,,
,,,,
Country/area,1963,2013,Absolute Change,Relative Change
Albania,,1.02%,,
Algeria,,0.00%,,
Angola,,31.12%,,
Armenia,,1.74%,,
Australia,,0.50%,,
Austria,,0.34%,,
Azerbaijan,,,,
Bangladesh,,13.47%,,
Belarus,,0.00%,,
Belgium,,0.14%,,
Belize,,,,
Benin,,50.71%,,
Bhutan,,1.73%,,
Bolivia,,5.17%,,
Bosnia and Herzegovina,,0.07%,,
Botswana,,15.43%,,
Brazil,,3.73%,,
Bulgaria,,1.78%,,
Burkina Faso,,39.60%,,
Burundi,,65.13%,,
Cameroon,,25.66%,,
Canada,,0.50%,,
Cape Verde,,4.56%,,
Central African Republic,,61.88%,,
Chad,,36.62%,,
Chile,,0.52%,,
China,,2.68%,,
Colombia,,6.11%,,
Comoros,,18.64%,,
Congo,,35.36%,,
Costa Rica,,1.64%,,
Cote d'Ivoire,,33.45%,,
Croatia,,0.73%,,
Cyprus,,0.10%,,
Czechia,,0.05%,,
Democratic Republic of Congo,,69.69%,,
Denmark,,0.31%,,
Djibouti,,24.93%,,
Dominican Republic,,2.97%,,
East Timor,,24.44%,,
Ecuador,,3.24%,,
Egypt,,0.89%,,
El Salvador,,3.62%,,
Estonia,,0.86%,,
Eswatini,,36.08%,,
Ethiopia,,26.98%,,
Fiji,,0.36%,,
Finland,,0.09%,,
France,,0.06%,,
Gabon,,2.47%,,
Gambia,,13.38%,,
Georgia,,8.08%,,
Germany,,0.00%,,
Ghana,,25.69%,,
Greece,,0.96%,,
Grenada,,0.32%,,
Guatemala,,9.52%,,
Guinea,,24.54%,,
Guinea-Bissau,,66.69%,,
Guyana,,,,
Haiti,,57.88%,,
Honduras,,14.57%,,
Hungary,,0.18%,,
Iceland,,0.05%,,
India,,18.75%,,
Indonesia,,10.81%,,
Iran,,0.29%,,
Iraq,,0.09%,,
Ireland,,0.68%,,
Israel,,0.47%,,
Italy,,1.37%,,
Jamaica,,0.06%,,
Japan,,0.73%,,
Jordan,,0.04%,,
Kazakhstan,,0.03%,,
Kenya,,29.37%,,
Kiribati,,,,
Kosovo,,0.45%,,
Kyrgyzstan,,2.62%,,
Laos,,10.89%,,
Latvia,,1.17%,,
Lebanon,,0.00%,,
Lesotho,,32.40%,,
Liberia,,25.93%,,
Lithuania,,0.71%,,
Luxembourg,,0.09%,,
Madagascar,,80.73%,,
Malawi,,65.74%,,
Malaysia,,0.03%,,
Maldives,,0.00%,,
Mali,,48.17%,,
Malta,,0.03%,,
Marshall Islands,,,,
Mauritania,,6.49%,,
Mauritius,,0.41%,,
Mexico,,3.98%,,
Micronesia (country),,16.03%,,
Moldova,,0.03%,,
Mongolia,,0.33%,,
Montenegro,,3.03%,,
Morocco,,1.44%,,
Mozambique,,64.64%,,
Myanmar,,6.22%,,
Namibia,,15.62%,,
Nauru,,1.67%,,
Nepal,,8.24%,,
Netherlands,,0.09%,,
Nicaragua,,3.94%,,
Niger,,53.56%,,
Nigeria,,33.83%,,
North Macedonia,,5.23%,,
Norway,,0.13%,,
Pakistan,,7.36%,,
Palestine,,0.19%,,
Panama,,2.24%,,
Papua New Guinea,,39.68%,,
Paraguay,,1.79%,,
Peru,,5.40%,,
Philippines,,12.49%,,
Poland,,0.42%,,
Portugal,,0.86%,,
Qatar,,0.00%,,
Romania,,6.62%,,
Russia,,0.01%,,
Rwanda,,53.75%,,
Saint Lucia,,5.22%,,
Samoa,,1.15%,,
Sao Tome and Principe,,22.62%,,
Senegal,,40.98%,,
Serbia,,5.84%,,
Seychelles,,1.24%,,
Sierra Leone,,38.70%,,
Slovakia,,0.28%,,
Slovenia,,0.02%,,
Solomon Islands,,26.56%,,
South Africa,,20.49%,,
South Korea,,0.24%,,
South Sudan,,67.33%,,
Spain,,1.14%,,
Sri Lanka,,2.59%,,
Sudan,,15.26%,,
Suriname,,,,
Sweden,,0.65%,,
Switzerland,,0.04%,,
Syria,,1.23%,,
Taiwan,,0.00%,,
Tajikistan,,6.11%,,
Tanzania,,44.66%,,
Thailand,,0.06%,,
Togo,,54.69%,,
Tonga,,1.79%,,
Trinidad and Tobago,,,,
Tunisia,,0.14%,,
Turkey,,0.30%,,
Turkmenistan,,,,
Tuvalu,,3.63%,,
Uganda,,37.54%,,
Ukraine,,0.00%,,
United Arab Emirates,,0.00%,,
United Kingdom,0.22%,0.24%,#ERROR!,"0,1"
United States,1.25%,1.00%,-0.25 pp,−20%
Uruguay,,0.17%,,
Uzbekistan,,,,
Vanuatu,,14.65%,,
Venezuela,,,,
Vietnam,,1.91%,,
Yemen,,19.80%,,
Zambia,,60.79%,,
Zimbabwe,,21.58%,,
,,,,
,,,,
Country/area,1963,2012,Absolute Change,Relative Change
Albania,,0.62%,,
Algeria,,0.00%,,
Angola,,14.59%,,
Armenia,,0.83%,,
Australia,,0.50%,,
Austria,,0.62%,,
Azerbaijan,,,,
Bangladesh,,18.22%,,
Belarus,,0.01%,,
Belgium,,0.16%,,
Belize,,,,
Benin,,54.26%,,
Bhutan,,1.73%,,
Bolivia,,6.47%,,
Bosnia and Herzegovina,,0.07%,,
Botswana,,15.43%,,
Brazil,,4.49%,,
Bulgaria,,2.31%,,
Burkina Faso,,39.60%,,
Burundi,,65.13%,,
Cameroon,,25.66%,,
Canada,,0.25%,,
Cape Verde,,4.56%,,
Central African Republic,,61.88%,,
Chad,,36.62%,,
Chile,,0.52%,,
China,,8.32%,,
Colombia,,6.72%,,
Comoros,,18.64%,,
Congo,,35.36%,,
Costa Rica,,1.67%,,
Cote d'Ivoire,,33.45%,,
Croatia,,0.79%,,
Cyprus,,0.00%,,
Czechia,,0.03%,,
Democratic Republic of Congo,,69.69%,,
Denmark,,0.00%,,
Djibouti,,19.69%,,
Dominican Republic,,3.85%,,
East Timor,,24.44%,,
Ecuador,,4.46%,,
Egypt,,0.89%,,
El Salvador,,4.64%,,
Estonia,,0.74%,,
Eswatini,,49.33%,,
Ethiopia,,30.75%,,
Fiji,,0.36%,,
Finland,,0.05%,,
France,,0.06%,,
Gabon,,2.47%,,
Gambia,,29.83%,,
Georgia,,10.67%,,
Germany,,0.00%,,
Ghana,,25.69%,,
Greece,,1.46%,,
Grenada,,,,
Guatemala,,9.52%,,
Guinea,,24.54%,,
Guinea-Bissau,,66.69%,,
Guyana,,,,
Haiti,,57.88%,,
Honduras,,16.99%,,
Hungary,,0.33%,,
Iceland,,0.03%,,
India,,22.86%,,
Indonesia,,10.58%,,
Iran,,0.25%,,
Iraq,,0.09%,,
Ireland,,0.34%,,
Israel,,0.49%,,
Italy,,1.20%,,
Jamaica,,,,
Japan,,0.73%,,
Jordan,,0.04%,,
Kazakhstan,,0.04%,,
Kenya,,29.37%,,
Kiribati,,,,
Kosovo,,0.83%,,
Kyrgyzstan,,2.63%,,
Laos,,10.89%,,
Latvia,,1.07%,,
Lebanon,,0.00%,,
Lesotho,,32.40%,,
Liberia,,25.93%,,
Lithuania,,0.95%,,
Luxembourg,,0.04%,,
Madagascar,,80.73%,,
Malawi,,68.42%,,
Malaysia,,0.03%,,
Maldives,,3.77%,,
Mali,,48.17%,,
Malta,,0.12%,,
Marshall Islands,,,,
Mauritania,,6.49%,,
Mauritius,,0.41%,,
Mexico,,4.20%,,
Micronesia (country),,16.03%,,
Moldova,,0.14%,,
Mongolia,,0.47%,,
Montenegro,,3.03%,,
Morocco,,1.44%,,
Mozambique,,64.64%,,
Myanmar,,6.22%,,
Namibia,,15.62%,,
Nauru,,1.67%,,
Nepal,,8.24%,,
Netherlands,,0.08%,,
Nicaragua,,3.94%,,
Niger,,60.56%,,
Nigeria,,33.83%,,
North Macedonia,,6.91%,,
Norway,,0.12%,,
Pakistan,,7.36%,,
Palestine,,0.19%,,
Panama,,3.47%,,
Papua New Guinea,,39.68%,,
Paraguay,,3.33%,,
Peru,,6.08%,,
Philippines,,12.49%,,
Poland,,0.20%,,
Portugal,,0.70%,,
Qatar,,0.00%,,
Romania,,6.21%,,
Russia,,0.03%,,
Rwanda,,53.75%,,
Saint Lucia,,5.22%,,
Samoa,,1.15%,,
Sao Tome and Principe,,22.62%,,
Senegal,,40.98%,,
Serbia,,5.34%,,
Seychelles,,1.24%,,
Sierra Leone,,38.70%,,
Slovakia,,0.40%,,
Slovenia,,0.03%,,
Solomon Islands,,26.56%,,
South Africa,,20.49%,,
South Korea,,0.25%,,
South Sudan,,34.54%,,
Spain,,0.94%,,
Sri Lanka,,2.59%,,
Sudan,,15.26%,,
Suriname,,,,
Sweden,,0.46%,,
Switzerland,,0.01%,,
Syria,,1.23%,,
Taiwan,,0.00%,,
Tajikistan,,6.11%,,
Tanzania,,44.66%,,
Thailand,,0.12%,,
Togo,,58.89%,,
Tonga,,1.79%,,
Trinidad and Tobago,,,,
Tunisia,,1.50%,,
Turkey,,0.09%,,
Turkmenistan,,,,
Tuvalu,,3.63%,,
Uganda,,37.54%,,
Ukraine,,0.11%,,
United Arab Emirates,,0.00%,,
United Kingdom,0.22%,0.24%,#ERROR!,"0,1"
United States,1.25%,1.00%,-0.25 pp,−20%
Uruguay,,0.17%,,
Uzbekistan,,,,
Vanuatu,,14.65%,,
Venezuela,,,,
Vietnam,,1.66%,,
Yemen,,19.80%,,
Zambia,,64.40%,,
Zimbabwe,,21.58%,,
,,,,
,,,,
Country/area,1963,2011,Absolute Change,Relative Change
Albania,,0.62%,,
Algeria,,0.00%,,
Angola,,14.59%,,
Armenia,,1.19%,,
Australia,,0.35%,,
Austria,,0.42%,,
Azerbaijan,,,,
Bangladesh,,18.22%,,
Belarus,,0.01%,,
Belgium,,0.17%,,
Belize,,,,
Benin,,54.26%,,
Bhutan,,1.73%,,
Bolivia,,5.30%,,
Bosnia and Herzegovina,,0.07%,,
Botswana,,17.69%,,
Brazil,,5.32%,,
Bulgaria,,2.46%,,
Burkina Faso,,52.65%,,
Burundi,,65.13%,,
Cameroon,,25.66%,,
Canada,,0.23%,,
Cape Verde,,4.56%,,
Central African Republic,,61.88%,,
Chad,,36.62%,,
Chile,,0.90%,,
China,,9.95%,,
Colombia,,6.83%,,
Comoros,,18.64%,,
Congo,,35.36%,,
Costa Rica,,1.75%,,
Cote d'Ivoire,,34.42%,,
Croatia,,0.63%,,
Cyprus,,0.01%,,
Czechia,,0.05%,,
Democratic Republic of Congo,,69.69%,,
Denmark,,0.00%,,
Djibouti,,19.69%,,
Dominican Republic,,4.06%,,
East Timor,,24.44%,,
Ecuador,,4.67%,,
Egypt,,0.89%,,
El Salvador,,5.34%,,
Estonia,,0.98%,,
Eswatini,,49.33%,,
Ethiopia,,30.75%,,
Fiji,,0.36%,,
Finland,,0.05%,,
France,,0.03%,,
Gabon,,,,
Gambia,,29.83%,,
Georgia,,13.40%,,
Germany,,0.00%,,
Ghana,,25.69%,,
Greece,,1.12%,,
Grenada,,,,
Guatemala,,9.52%,,
Guinea,,24.54%,,
Guinea-Bissau,,66.69%,,
Guyana,,,,
Haiti,,57.88%,,
Honduras,,14.32%,,
Hungary,,0.09%,,
Iceland,,0.12%,,
India,,22.86%,,
Indonesia,,14.10%,,
Iran,,0.50%,,
Iraq,,0.09%,,
Ireland,,0.54%,,
Israel,,0.23%,,
Italy,,1.16%,,
Jamaica,,,,
Japan,,0.00%,,
Jordan,,0.04%,,
Kazakhstan,,0.07%,,
Kenya,,29.37%,,
Kiribati,,14.03%,,
Kosovo,,1.88%,,
Kyrgyzstan,,1.26%,,
Laos,,10.89%,,
Latvia,,1.03%,,
Lebanon,,0.00%,,
Lesotho,,,,
Liberia,,25.93%,,
Lithuania,,0.70%,,
Luxembourg,,0.12%,,
Madagascar,,80.73%,,
Malawi,,68.42%,,
Malaysia,,0.14%,,
Maldives,,3.77%,,
Mali,,48.17%,,
Malta,,0.19%,,
Marshall Islands,,,,
Mauritania,,6.49%,,
Mauritius,,0.41%,,
Mexico,,4.20%,,
Micronesia (country),,16.03%,,
Moldova,,0.22%,,
Mongolia,,0.86%,,
Montenegro,,3.03%,,
Morocco,,1.44%,,
Mozambique,,64.64%,,
Myanmar,,6.22%,,
Namibia,,26.94%,,
Nauru,,1.67%,,
Nepal,,8.24%,,
Netherlands,,0.10%,,
Nicaragua,,8.28%,,
Niger,,60.56%,,
Nigeria,,33.83%,,
North Macedonia,,9.09%,,
Norway,,0.10%,,
Pakistan,,9.59%,,
Palestine,,0.19%,,
Panama,,2.45%,,
Papua New Guinea,,39.68%,,
Paraguay,,5.05%,,
Peru,,6.50%,,
Philippines,,12.49%,,
Poland,,0.34%,,
Portugal,,0.51%,,
Qatar,,,,
Romania,,5.38%,,
Russia,,0.04%,,
Rwanda,,59.21%,,
Saint Lucia,,5.22%,,
Samoa,,1.15%,,
Sao Tome and Principe,,22.62%,,
Senegal,,40.98%,,
Serbia,,5.34%,,
Seychelles,,1.24%,,
Sierra Leone,,38.70%,,
Slovakia,,0.42%,,
Slovenia,,0.00%,,
Solomon Islands,,26.56%,,
South Africa,,18.04%,,
South Korea,,0.25%,,
South Sudan,,34.54%,,
Spain,,1.13%,,
Sri Lanka,,2.59%,,
Sudan,,18.58%,,
Suriname,,,,
Sweden,,0.62%,,
Switzerland,,0.00%,,
Syria,,1.23%,,
Taiwan,,0.24%,,
Tajikistan,,6.79%,,
Tanzania,,44.66%,,
Thailand,,0.07%,,
Togo,,58.89%,,
Tonga,,1.26%,,
Trinidad and Tobago,,,,
Tunisia,,1.50%,,
Turkey,,0.13%,,
Turkmenistan,,,,
Tuvalu,,3.63%,,
Uganda,,37.54%,,
Ukraine,,0.01%,,
United Arab Emirates,,0.00%,,
United Kingdom,0.22%,0.25%,#ERROR!,"0,11"
United States,1.25%,1.00%,-0.25 pp,−20%
Uruguay,,0.14%,,
Uzbekistan,,,,
Vanuatu,,14.65%,,
Venezuela,,7.13%,,
Vietnam,,1.66%,,
Yemen,,19.80%,,
Zambia,,64.40%,,
Zimbabwe,,21.58%,,
,,,,
,,,,
Country/area,1963,2010,Absolute Change,Relative Change
Albania,,0.62%,,
Algeria,,0.00%,,
Angola,,14.59%,,
Armenia,,0.95%,,
Australia,,0.35%,,
Austria,,0.49%,,
Azerbaijan,,0.00%,,
Bangladesh,,18.22%,,
Belarus,,0.03%,,
Belgium,,0.14%,,
Belize,,,,
Benin,,54.26%,,
Bhutan,,1.73%,,
Bolivia,,5.30%,,
Bosnia and Herzegovina,,0.07%,,
Botswana,,17.69%,,
Brazil,,5.32%,,
Bulgaria,,2.01%,,
Burkina Faso,,52.65%,,
Burundi,,65.13%,,
Cameroon,,31.42%,,
Canada,,0.25%,,
Cape Verde,,10.57%,,
Central African Republic,,61.88%,,
Chad,,36.62%,,
Chile,,0.90%,,
China,,13.38%,,
Colombia,,8.28%,,
Comoros,,18.64%,,
Congo,,35.36%,,
Costa Rica,,1.49%,,
Cote d'Ivoire,,34.42%,,
Croatia,,1.21%,,
Cyprus,,0.04%,,
Czechia,,0.04%,,
Democratic Republic of Congo,,69.69%,,
Denmark,,0.06%,,
Djibouti,,19.69%,,
Dominican Republic,,3.87%,,
East Timor,,40.88%,,
Ecuador,,5.68%,,
Egypt,,1.04%,,
El Salvador,,6.35%,,
Estonia,,0.79%,,
Eswatini,,49.33%,,
Ethiopia,,30.75%,,
Fiji,,1.03%,,
Finland,,0.05%,,
France,,0.09%,,
Gabon,,5.48%,,
Gambia,,29.83%,,
Georgia,,14.36%,,
Germany,,0.00%,,
Ghana,,25.69%,,
Greece,,0.97%,,
Grenada,,,,
Guatemala,,9.52%,,
Guinea,,24.54%,,
Guinea-Bissau,,66.69%,,
Guyana,,,,
Haiti,,57.88%,,
Honduras,,13.80%,,
Hungary,,0.07%,,
Iceland,,0.15%,,
India,,22.86%,,
Indonesia,,16.46%,,
Iran,,0.50%,,
Iraq,,0.09%,,
Ireland,,0.54%,,
Israel,,0.46%,,
Italy,,1.27%,,
Jamaica,,,,
Japan,,0.00%,,
Jordan,,0.04%,,
Kazakhstan,,0.20%,,
Kenya,,29.37%,,
Kiribati,,14.03%,,
Kosovo,,2.89%,,
Kyrgyzstan,,3.52%,,
Laos,,10.89%,,
Latvia,,1.73%,,
Lebanon,,0.00%,,
Lesotho,,,,
Liberia,,53.35%,,
Lithuania,,1.53%,,
Luxembourg,,0.00%,,
Madagascar,,80.15%,,
Malawi,,68.42%,,
Malaysia,,0.14%,,
Maldives,,3.77%,,
Mali,,48.17%,,
Malta,,0.22%,,
Marshall Islands,,,,
Mauritania,,11.86%,,
Mauritius,,0.41%,,
Mexico,,4.70%,,
Micronesia (country),,16.03%,,
Moldova,,0.41%,,
Mongolia,,1.14%,,
Montenegro,,3.03%,,
Morocco,,1.44%,,
Mozambique,,70.80%,,
Myanmar,,6.22%,,
Namibia,,26.94%,,
Nauru,,1.67%,,
Nepal,,8.24%,,
Netherlands,,0.05%,,
Nicaragua,,8.28%,,
Niger,,60.56%,,
Nigeria,,34.89%,,
North Macedonia,,10.45%,,
Norway,,0.15%,,
Pakistan,,9.38%,,
Palestine,,0.04%,,
Panama,,3.39%,,
Papua New Guinea,,39.68%,,
Paraguay,,5.46%,,
Peru,,6.82%,,
Philippines,,11.13%,,
Poland,,0.35%,,
Portugal,,0.14%,,
Qatar,,,,
Romania,,4.17%,,
Russia,,0.08%,,
Rwanda,,59.21%,,
Saint Lucia,,5.22%,,
Samoa,,1.05%,,
Sao Tome and Principe,,22.62%,,
Senegal,,40.98%,,
Serbia,,5.34%,,
Seychelles,,1.24%,,
Sierra Leone,,38.70%,,
Slovakia,,0.50%,,
Slovenia,,0.01%,,
Solomon Islands,,26.56%,,
South Africa,,18.04%,,
South Korea,,0.50%,,
South Sudan,,34.54%,,
Spain,,0.68%,,
Sri Lanka,,3.50%,,
Sudan,,18.58%,,
Suriname,,,,
Sweden,,0.55%,,
Switzerland,,0.05%,,
Syria,,1.23%,,
Taiwan,,0.24%,,
Tajikistan,,6.79%,,
Tanzania,,44.66%,,
Thailand,,0.27%,,
Togo,,58.89%,,
Tonga,,1.26%,,
Trinidad and Tobago,,,,
Tunisia,,1.50%,,
Turkey,,0.77%,,
Turkmenistan,,,,
Tuvalu,,3.63%,,
Uganda,,45.90%,,
Ukraine,,0.01%,,
United Arab Emirates,,0.00%,,
United Kingdom,0.22%,0.25%,#ERROR!,"0,11"
United States,1.25%,1.00%,-0.25 pp,−20%
Uruguay,,0.17%,,
Uzbekistan,,,,
Vanuatu,,14.65%,,
Venezuela,,7.13%,,
Vietnam,,2.87%,,
Yemen,,19.80%,,
Zambia,,64.40%,,
Zimbabwe,,21.58%,,
,,,,
,,,,
Country/area,1963,2009,Absolute Change,Relative Change
Albania,,0.20%,,
Algeria,,0.00%,,
Angola,,14.59%,,
Armenia,,1.25%,,
Australia,,0.35%,,
Austria,,0.66%,,
Azerbaijan,,0.00%,,
Bangladesh,,18.22%,,
Belarus,,0.14%,,
Belgium,,0.11%,,
Belize,,,,
Benin,,54.26%,,
Bhutan,,5.85%,,
Bolivia,,8.78%,,
Bosnia and Herzegovina,,0.07%,,
Botswana,,17.69%,,
Brazil,,6.12%,,
Bulgaria,,1.31%,,
Burkina Faso,,52.65%,,
Burundi,,71.84%,,
Cameroon,,31.42%,,
Canada,,0.24%,,
Cape Verde,,10.57%,,
Central African Republic,,61.88%,,
Chad,,36.62%,,
Chile,,1.67%,,
China,,13.38%,,
Colombia,,9.60%,,
Comoros,,18.64%,,
Congo,,35.36%,,
Costa Rica,,2.48%,,
Cote d'Ivoire,,34.42%,,
Croatia,,0.86%,,
Cyprus,,0.11%,,
Czechia,,0.01%,,
Democratic Republic of Congo,,69.69%,,
Denmark,,0.49%,,
Djibouti,,19.69%,,
Dominican Republic,,4.68%,,
East Timor,,40.88%,,
Ecuador,,7.31%,,
Egypt,,1.04%,,
El Salvador,,7.42%,,
Estonia,,0.56%,,
Eswatini,,49.33%,,
Ethiopia,,30.75%,,
Fiji,,1.03%,,
Finland,,0.05%,,
France,,0.04%,,
Gabon,,5.48%,,
Gambia,,29.83%,,
Georgia,,12.13%,,
Germany,,0.00%,,
Ghana,,25.69%,,
Greece,,0.63%,,
Grenada,,,,
Guatemala,,11.65%,,
Guinea,,48.13%,,
Guinea-Bissau,,66.69%,,
Guyana,,,,
Haiti,,57.88%,,
Honduras,,12.32%,,
Hungary,,0.06%,,
Iceland,,0.10%,,
India,,33.46%,,
Indonesia,,18.85%,,
Iran,,1.49%,,
Iraq,,0.09%,,
Ireland,,0.49%,,
Israel,,0.49%,,
Italy,,0.91%,,
Jamaica,,1.18%,,
Japan,,0.00%,,
Jordan,,0.04%,,
Kazakhstan,,0.24%,,
Kenya,,36.67%,,
Kiribati,,14.03%,,
Kosovo,,3.41%,,
Kyrgyzstan,,1.55%,,
Laos,,19.55%,,
Latvia,,1.70%,,
Lebanon,,0.00%,,
Lesotho,,,,
Liberia,,53.35%,,
Lithuania,,2.24%,,
Luxembourg,,0.04%,,
Madagascar,,80.15%,,
Malawi,,68.42%,,
Malaysia,,0.70%,,
Maldives,,3.77%,,
Mali,,48.17%,,
Malta,,0.43%,,
Marshall Islands,,,,
Mauritania,,11.86%,,
Mauritius,,0.41%,,
Mexico,,4.70%,,
Micronesia (country),,16.03%,,
Moldova,,0.66%,,
Mongolia,,1.14%,,
Montenegro,,3.03%,,
Morocco,,4.24%,,
Mozambique,,70.80%,,
Myanmar,,,,
Namibia,,26.94%,,
Nauru,,1.67%,,
Nepal,,8.24%,,
Netherlands,,0.11%,,
Nicaragua,,8.28%,,
Niger,,60.56%,,
Nigeria,,34.89%,,
North Macedonia,,9.77%,,
Norway,,0.09%,,
Pakistan,,9.38%,,
Palestine,,0.27%,,
Panama,,2.53%,,
Papua New Guinea,,39.68%,,
Paraguay,,5.77%,,
Peru,,8.81%,,
Philippines,,11.13%,,
Poland,,0.37%,,
Portugal,,0.17%,,
Qatar,,,,
Romania,,3.13%,,
Russia,,0.07%,,
Rwanda,,59.21%,,
Saint Lucia,,,,
Samoa,,1.05%,,
Sao Tome and Principe,,22.62%,,
Senegal,,40.98%,,
Serbia,,5.34%,,
Seychelles,,0.37%,,
Sierra Leone,,38.70%,,
Slovakia,,0.45%,,
Slovenia,,0.00%,,
Solomon Islands,,26.56%,,
South Africa,,18.04%,,
South Korea,,0.50%,,
South Sudan,,34.54%,,
Spain,,0.81%,,
Sri Lanka,,3.50%,,
Sudan,,18.58%,,
Suriname,,,,
Sweden,,0.46%,,
Switzerland,,0.04%,,
Syria,,1.23%,,
Taiwan,,0.24%,,
Tajikistan,,6.79%,,
Tanzania,,44.66%,,
Thailand,,0.25%,,
Togo,,58.89%,,
Tonga,,1.26%,,
Trinidad and Tobago,,,,
Tunisia,,1.50%,,
Turkey,,0.72%,,
Turkmenistan,,,,
Tuvalu,,3.63%,,
Uganda,,45.90%,,
Ukraine,,0.07%,,
United Arab Emirates,,0.00%,,
United Kingdom,0.22%,0.25%,#ERROR!,"0,12"
United States,1.25%,1.00%,-0.25 pp,−20%
Uruguay,,0.28%,,
Uzbekistan,,,,
Vanuatu,,14.65%,,
Venezuela,,7.13%,,
Vietnam,,2.87%,,
Yemen,,10.54%,,
Zambia,,64.40%,,
Zimbabwe,,21.58%,,
,,,,
,,,,
Country/area,1963,2008,Absolute Change,Relative Change
Albania,,0.20%,,
Algeria,,0.00%,,
Angola,,14.59%,,
Armenia,,0.88%,,
Australia,,0.36%,,
Austria,,0.47%,,
Azerbaijan,,0.00%,,
Bangladesh,,18.22%,,
Belarus,,0.17%,,
Belgium,,0.12%,,
Belize,,,,
Benin,,54.26%,,
Bhutan,,5.85%,,
Bolivia,,8.34%,,
Bosnia and Herzegovina,,0.07%,,
Botswana,,17.69%,,
Brazil,,6.51%,,
Bulgaria,,1.25%,,
Burkina Faso,,52.65%,,
Burundi,,71.84%,,
Cameroon,,31.42%,,
Canada,,0.25%,,
Cape Verde,,10.57%,,
Central African Republic,,61.88%,,
Chad,,36.62%,,
Chile,,1.67%,,
China,,17.27%,,
Colombia,,11.03%,,
Comoros,,14.63%,,
Congo,,35.36%,,
Costa Rica,,2.42%,,
Cote d'Ivoire,,34.42%,,
Croatia,,0.86%,,
Cyprus,,0.01%,,
Czechia,,0.03%,,
Democratic Republic of Congo,,69.69%,,
Denmark,,0.11%,,
Djibouti,,19.69%,,
Dominican Republic,,5.45%,,
East Timor,,40.88%,,
Ecuador,,7.51%,,
Egypt,,2.87%,,
El Salvador,,7.72%,,
Estonia,,0.39%,,
Eswatini,,49.33%,,
Ethiopia,,30.75%,,
Fiji,,1.03%,,
Finland,,0.05%,,
France,,0.01%,,
Gabon,,5.48%,,
Gambia,,29.83%,,
Georgia,,12.45%,,
Germany,,0.00%,,
Ghana,,42.47%,,
Greece,,0.34%,,
Grenada,,,,
Guatemala,,11.65%,,
Guinea,,48.13%,,
Guinea-Bissau,,66.69%,,
Guyana,,,,
Haiti,,57.88%,,
Honduras,,15.24%,,
Hungary,,0.02%,,
Iceland,,0.06%,,
India,,33.46%,,
Indonesia,,19.19%,,
Iran,,1.49%,,
Iraq,,0.04%,,
Ireland,,0.18%,,
Israel,,0.48%,,
Italy,,0.70%,,
Jamaica,,1.18%,,
Japan,,0.48%,,
Jordan,,0.01%,,
Kazakhstan,,0.24%,,
Kenya,,36.67%,,
Kiribati,,14.03%,,
Kosovo,,3.41%,,
Kyrgyzstan,,3.31%,,
Laos,,19.55%,,
Latvia,,1.28%,,
Lebanon,,0.00%,,
Lesotho,,,,
Liberia,,53.35%,,
Lithuania,,1.39%,,
Luxembourg,,0.00%,,
Madagascar,,80.15%,,
Malawi,,68.42%,,
Malaysia,,0.70%,,
Maldives,,3.77%,,
Mali,,48.17%,,
Malta,,0.11%,,
Marshall Islands,,,,
Mauritania,,11.86%,,
Mauritius,,0.31%,,
Mexico,,5.98%,,
Micronesia (country),,8.56%,,
Moldova,,0.96%,,
Mongolia,,1.70%,,
Montenegro,,3.03%,,
Morocco,,4.24%,,
Mozambique,,70.80%,,
Myanmar,,,,
Namibia,,26.94%,,
Nauru,,1.67%,,
Nepal,,8.24%,,
Netherlands,,0.13%,,
Nicaragua,,8.28%,,
Niger,,78.89%,,
Nigeria,,34.89%,,
North Macedonia,,9.77%,,
Norway,,0.23%,,
Pakistan,,14.90%,,
Palestine,,0.27%,,
Panama,,4.07%,,
Papua New Guinea,,39.68%,,
Paraguay,,4.32%,,
Peru,,10.92%,,
Philippines,,11.13%,,
Poland,,0.18%,,
Portugal,,0.14%,,
Qatar,,,,
Romania,,4.09%,,
Russia,,0.09%,,
Rwanda,,59.21%,,
Saint Lucia,,,,
Samoa,,1.05%,,
Sao Tome and Principe,,22.62%,,
Senegal,,40.98%,,
Serbia,,5.34%,,
Seychelles,,0.37%,,
Sierra Leone,,38.70%,,
Slovakia,,0.41%,,
Slovenia,,0.00%,,
Solomon Islands,,50.62%,,
South Africa,,18.66%,,
South Korea,,0.24%,,
South Sudan,,34.54%,,
Spain,,0.49%,,
Sri Lanka,,3.50%,,
Sudan,,18.58%,,
Suriname,,,,
Sweden,,0.58%,,
Switzerland,,0.07%,,
Syria,,1.23%,,
Taiwan,,0.00%,,
Tajikistan,,6.79%,,
Tanzania,,56.24%,,
Thailand,,0.30%,,
Togo,,60.97%,,
Tonga,,1.26%,,
Trinidad and Tobago,,,,
Tunisia,,1.50%,,
Turkey,,0.56%,,
Turkmenistan,,,,
Tuvalu,,3.63%,,
Uganda,,45.90%,,
Ukraine,,0.03%,,
United Arab Emirates,,0.00%,,
United Kingdom,0.22%,0.25%,#ERROR!,"0,11"
United States,1.25%,1.00%,-0.25 pp,−20%
Uruguay,,0.23%,,
Uzbekistan,,81.50%,,
Vanuatu,,14.65%,,
Venezuela,,7.13%,,
Vietnam,,11.14%,,
Yemen,,10.54%,,
Zambia,,64.40%,,
Zimbabwe,,21.58%,,
,,,,
,,,,
Country/area,1963,2007,Absolute Change,Relative Change
Albania,,0.20%,,
Algeria,,0.00%,,
Angola,,14.59%,,
Armenia,,1.54%,,
Australia,,0.36%,,
Austria,,0.37%,,
Azerbaijan,,0.00%,,
Bangladesh,,23.97%,,
Belarus,,0.22%,,
Belgium,,0.15%,,
Belize,,,,
Benin,,54.26%,,
Bhutan,,5.85%,,
Bolivia,,9.47%,,
Bosnia and Herzegovina,,0.07%,,
Botswana,,17.69%,,
Brazil,,7.87%,,
Bulgaria,,1.79%,,
Burkina Faso,,52.65%,,
Burundi,,71.84%,,
Cameroon,,31.42%,,
Canada,,0.25%,,
Cape Verde,,10.57%,,
Central African Republic,,61.88%,,
Chad,,36.62%,,
Chile,,2.05%,,
China,,17.27%,,
Colombia,,11.03%,,
Comoros,,14.63%,,
Congo,,49.55%,,
Costa Rica,,1.82%,,
Cote d'Ivoire,,34.42%,,
Croatia,,0.86%,,
Cyprus,,0.03%,,
Czechia,,0.12%,,
Democratic Republic of Congo,,91.47%,,
Denmark,,0.01%,,
Djibouti,,19.69%,,
Dominican Republic,,6.07%,,
East Timor,,40.88%,,
Ecuador,,8.52%,,
Egypt,,2.87%,,
El Salvador,,5.07%,,
Estonia,,0.43%,,
Eswatini,,49.33%,,
Ethiopia,,30.75%,,
Fiji,,1.03%,,
Finland,,0.06%,,
France,,0.01%,,
Gabon,,5.48%,,
Gambia,,29.83%,,
Georgia,,14.20%,,
Germany,,0.00%,,
Ghana,,42.47%,,
Greece,,0.50%,,
Grenada,,,,
Guatemala,,11.65%,,
Guinea,,48.13%,,
Guinea-Bissau,,66.69%,,
Guyana,,,,
Haiti,,57.88%,,
Honduras,,15.64%,,
Hungary,,0.15%,,
Iceland,,0.08%,,
India,,33.46%,,
Indonesia,,21.55%,,
Iran,,0.85%,,
Iraq,,0.04%,,
Ireland,,0.10%,,
Israel,,0.49%,,
Italy,,0.68%,,
Jamaica,,1.18%,,
Japan,,0.48%,,
Jordan,,0.01%,,
Kazakhstan,,0.39%,,
Kenya,,36.67%,,
Kiribati,,14.03%,,
Kosovo,,4.08%,,
Kyrgyzstan,,8.75%,,
Laos,,19.55%,,
Latvia,,0.64%,,
Lebanon,,0.00%,,
Lesotho,,66.28%,,
Liberia,,53.35%,,
Lithuania,,1.34%,,
Luxembourg,,0.02%,,
Madagascar,,74.22%,,
Malawi,,68.42%,,
Malaysia,,0.70%,,
Maldives,,3.77%,,
Mali,,49.68%,,
Malta,,0.41%,,
Marshall Islands,,,,
Mauritania,,11.86%,,
Mauritius,,0.31%,,
Mexico,,5.98%,,
Micronesia (country),,8.56%,,
Moldova,,0.95%,,
Mongolia,,1.70%,,
Montenegro,,3.03%,,
Morocco,,4.24%,,
Mozambique,,70.80%,,
Myanmar,,,,
Namibia,,26.94%,,
Nauru,,1.67%,,
Nepal,,8.24%,,
Netherlands,,0.03%,,
Nicaragua,,8.28%,,
Niger,,78.89%,,
Nigeria,,34.89%,,
North Macedonia,,9.77%,,
Norway,,0.13%,,
Pakistan,,14.90%,,
Palestine,,1.36%,,
Panama,,6.67%,,
Papua New Guinea,,39.68%,,
Paraguay,,7.84%,,
Peru,,13.22%,,
Philippines,,15.30%,,
Poland,,0.47%,,
Portugal,,0.26%,,
Qatar,,,,
Romania,,5.31%,,
Russia,,0.20%,,
Rwanda,,66.05%,,
Saint Lucia,,,,
Samoa,,1.05%,,
Sao Tome and Principe,,22.62%,,
Senegal,,41.06%,,
Serbia,,5.34%,,
Seychelles,,0.37%,,
Sierra Leone,,38.70%,,
Slovakia,,0.37%,,
Slovenia,,0.03%,,
Solomon Islands,,50.62%,,
South Africa,,18.66%,,
South Korea,,0.24%,,
South Sudan,,34.54%,,
Spain,,0.36%,,
Sri Lanka,,5.63%,,
Sudan,,18.58%,,
Suriname,,,,
Sweden,,0.41%,,
Switzerland,,0.02%,,
Syria,,1.79%,,
Taiwan,,0.00%,,
Tajikistan,,12.80%,,
Tanzania,,56.24%,,
Thailand,,0.54%,,
Togo,,60.97%,,
Tonga,,1.26%,,
Trinidad and Tobago,,,,
Tunisia,,2.57%,,
Turkey,,1.31%,,
Turkmenistan,,,,
Tuvalu,,3.63%,,
Uganda,,45.90%,,
Ukraine,,0.10%,,
United Arab Emirates,,,,
United Kingdom,0.22%,0.24%,#ERROR!,"0,09"
United States,1.25%,1.00%,-0.25 pp,−20%
Uruguay,,0.38%,,
Uzbekistan,,81.50%,,
Vanuatu,,14.65%,,
Venezuela,,7.13%,,
Vietnam,,11.14%,,
Yemen,,10.54%,,
Zambia,,64.70%,,
Zimbabwe,,21.58%,,
,,,,
,,,,
Country/area,1963,2006,Absolute Change,Relative Change
Albania,,0.59%,,
Algeria,,0.00%,,
Angola,,14.59%,,
Armenia,,2.00%,,
Australia,,0.36%,,
Austria,,0.09%,,
Azerbaijan,,0.00%,,
Bangladesh,,23.97%,,
Belarus,,0.40%,,
Belgium,,0.17%,,
Belize,,,,
Benin,,53.09%,,
Bhutan,,5.85%,,
Bolivia,,12.49%,,
Bosnia and Herzegovina,,0.07%,,
Botswana,,17.69%,,
Brazil,,8.26%,,
Bulgaria,,5.83%,,
Burkina Faso,,52.65%,,
Burundi,,71.84%,,
Cameroon,,31.42%,,
Canada,,0.25%,,
Cape Verde,,10.57%,,
Central African Republic,,61.88%,,
Chad,,57.79%,,
Chile,,2.05%,,
China,,22.25%,,
Colombia,,10.74%,,
Comoros,,14.63%,,
Congo,,49.55%,,
Costa Rica,,3.34%,,
Cote d'Ivoire,,34.42%,,
Croatia,,0.86%,,
Cyprus,,0.02%,,
Czechia,,0.07%,,
Democratic Republic of Congo,,91.47%,,
Denmark,,0.14%,,
Djibouti,,22.55%,,
Dominican Republic,,6.26%,,
East Timor,,40.88%,,
Ecuador,,8.15%,,
Egypt,,2.87%,,
El Salvador,,7.65%,,
Estonia,,0.82%,,
Eswatini,,49.33%,,
Ethiopia,,34.58%,,
Fiji,,1.03%,,
Finland,,0.08%,,
France,,0.03%,,
Gabon,,5.48%,,
Gambia,,50.69%,,
Georgia,,12.59%,,
Germany,,0.00%,,
Ghana,,42.47%,,
Greece,,0.55%,,
Grenada,,,,
Guatemala,,11.65%,,
Guinea,,48.13%,,
Guinea-Bissau,,66.69%,,
Guyana,,,,
Haiti,,67.83%,,
Honduras,,21.14%,,
Hungary,,0.14%,,
Iceland,,0.15%,,
India,,40.58%,,
Indonesia,,26.16%,,
Iran,,0.85%,,
Iraq,,0.04%,,
Ireland,,0.40%,,
Israel,,0.22%,,
Italy,,0.65%,,
Jamaica,,1.18%,,
Japan,,0.48%,,
Jordan,,0.09%,,
Kazakhstan,,1.01%,,
Kenya,,36.67%,,
Kiribati,,14.03%,,
Kosovo,,4.08%,,
Kyrgyzstan,,8.37%,,
Laos,,19.55%,,
Latvia,,1.55%,,
Lebanon,,0.00%,,
Lesotho,,66.28%,,
Liberia,,53.35%,,
Lithuania,,1.52%,,
Luxembourg,,0.00%,,
Madagascar,,74.22%,,
Malawi,,68.86%,,
Malaysia,,0.77%,,
Maldives,,3.77%,,
Mali,,49.68%,,
Malta,,0.51%,,
Marshall Islands,,,,
Mauritania,,11.86%,,
Mauritius,,0.31%,,
Mexico,,5.35%,,
Micronesia (country),,8.56%,,
Moldova,,1.96%,,
Mongolia,,1.70%,,
Montenegro,,,,
Morocco,,4.24%,,
Mozambique,,70.80%,,
Myanmar,,,,
Namibia,,26.94%,,
Nauru,,,,
Nepal,,40.31%,,
Netherlands,,0.05%,,
Nicaragua,,9.10%,,
Niger,,78.89%,,
Nigeria,,47.88%,,
North Macedonia,,9.77%,,
Norway,,0.13%,,
Pakistan,,14.90%,,
Palestine,,0.31%,,
Panama,,9.39%,,
Papua New Guinea,,39.68%,,
Paraguay,,7.95%,,
Peru,,15.60%,,
Philippines,,15.30%,,
Poland,,0.66%,,
Portugal,,0.09%,,
Qatar,,,,
Romania,,7.36%,,
Russia,,0.44%,,
Rwanda,,66.05%,,
Saint Lucia,,,,
Samoa,,1.05%,,
Sao Tome and Principe,,22.62%,,
Senegal,,41.06%,,
Serbia,,,,
Seychelles,,0.37%,,
Sierra Leone,,61.33%,,
Slovakia,,0.23%,,
Slovenia,,0.05%,,
Solomon Islands,,50.62%,,
South Africa,,28.33%,,
South Korea,,0.25%,,
South Sudan,,34.54%,,
Spain,,0.77%,,
Sri Lanka,,5.63%,,
Sudan,,18.58%,,
Suriname,,,,
Sweden,,0.36%,,
Switzerland,,0.05%,,
Syria,,1.79%,,
Taiwan,,0.00%,,
Tajikistan,,12.80%,,
Tanzania,,56.24%,,
Thailand,,0.93%,,
Togo,,60.97%,,
Tonga,,1.26%,,
Trinidad and Tobago,,,,
Tunisia,,2.57%,,
Turkey,,1.77%,,
Turkmenistan,,,,
Tuvalu,,3.63%,,
Uganda,,57.34%,,
Ukraine,,0.16%,,
United Arab Emirates,,,,
United Kingdom,0.22%,0.23%,#ERROR!,"0,03"
United States,1.25%,1.00%,-0.25 pp,−20%
Uruguay,,0.56%,,
Uzbekistan,,81.50%,,
Vanuatu,,14.65%,,
Venezuela,,7.13%,,
Vietnam,,14.90%,,
Yemen,,10.54%,,
Zambia,,64.70%,,
Zimbabwe,,21.58%,,
,,,,
,,,,
Country/area,1963,2005,Absolute Change,Relative Change
Albania,,0.59%,,
Algeria,,,,
Angola,,14.59%,,
Armenia,,2.63%,,
Australia,,0.71%,,
Austria,,0.15%,,
Azerbaijan,,0.00%,,
Bangladesh,,23.97%,,
Belarus,,0.89%,,
Belgium,,0.19%,,
Belize,,,,
Benin,,53.09%,,
Bhutan,,5.85%,,
Bolivia,,15.61%,,
Bosnia and Herzegovina,,0.18%,,
Botswana,,29.14%,,
Brazil,,9.96%,,
Bulgaria,,5.83%,,
Burkina Faso,,54.70%,,
Burundi,,71.84%,,
Cameroon,,31.42%,,
Canada,,0.24%,,
Cape Verde,,10.57%,,
Central African Republic,,61.88%,,
Chad,,57.79%,,
Chile,,2.05%,,
China,,22.25%,,
Colombia,,10.74%,,
Comoros,,14.63%,,
Congo,,49.55%,,
Costa Rica,,3.33%,,
Cote d'Ivoire,,34.42%,,
Croatia,,0.86%,,
Cyprus,,0.01%,,
Czechia,,0.00%,,
Democratic Republic of Congo,,91.47%,,
Denmark,,0.25%,,
Djibouti,,22.55%,,
Dominican Republic,,7.41%,,
East Timor,,40.88%,,
Ecuador,,11.80%,,
Egypt,,3.11%,,
El Salvador,,11.28%,,
Estonia,,0.81%,,
Eswatini,,49.33%,,
Ethiopia,,34.58%,,
Fiji,,1.03%,,
Finland,,0.06%,,
France,,0.04%,,
Gabon,,5.48%,,
Gambia,,50.69%,,
Georgia,,12.88%,,
Germany,,0.00%,,
Ghana,,42.47%,,
Greece,,0.34%,,
Grenada,,,,
Guatemala,,11.65%,,
Guinea,,48.13%,,
Guinea-Bissau,,53.17%,,
Guyana,,,,
Haiti,,67.83%,,
Honduras,,25.07%,,
Hungary,,0.72%,,
Iceland,,0.04%,,
India,,40.58%,,
Indonesia,,20.13%,,
Iran,,1.02%,,
Iraq,,0.04%,,
Ireland,,0.02%,,
Israel,,0.48%,,
Italy,,0.65%,,
Jamaica,,1.18%,,
Japan,,0.48%,,
Jordan,,0.09%,,
Kazakhstan,,8.66%,,
Kenya,,36.67%,,
Kiribati,,14.03%,,
Kosovo,,4.21%,,
Kyrgyzstan,,13.57%,,
Laos,,19.55%,,
Latvia,,2.36%,,
Lebanon,,,,
Lesotho,,66.28%,,
Liberia,,53.35%,,
Lithuania,,1.78%,,
Luxembourg,,0.03%,,
Madagascar,,74.22%,,
Malawi,,68.86%,,
Malaysia,,0.77%,,
Maldives,,6.61%,,
Mali,,49.68%,,
Malta,,0.51%,,
Marshall Islands,,,,
Mauritania,,18.13%,,
Mauritius,,0.31%,,
Mexico,,7.80%,,
Micronesia (country),,8.56%,,
Moldova,,10.87%,,
Mongolia,,1.70%,,
Montenegro,,,,
Morocco,,4.24%,,
Mozambique,,70.80%,,
Myanmar,,,,
Namibia,,35.86%,,
Nauru,,,,
Nepal,,40.31%,,
Netherlands,,0.15%,,
Nicaragua,,9.10%,,
Niger,,80.50%,,
Nigeria,,47.88%,,
North Macedonia,,9.77%,,
Norway,,0.20%,,
Pakistan,,20.30%,,
Palestine,,0.20%,,
Panama,,8.56%,,
Papua New Guinea,,39.68%,,
Paraguay,,6.07%,,
Peru,,17.81%,,
Philippines,,15.30%,,
Poland,,0.92%,,
Portugal,,0.54%,,
Qatar,,,,
Romania,,7.36%,,
Russia,,0.77%,,
Rwanda,,66.05%,,
Saint Lucia,,,,
Samoa,,1.05%,,
Sao Tome and Principe,,22.62%,,
Senegal,,41.06%,,
Serbia,,,,
Seychelles,,0.37%,,
Sierra Leone,,61.33%,,
Slovakia,,0.24%,,
Slovenia,,0.10%,,
Solomon Islands,,50.62%,,
South Africa,,28.33%,,
South Korea,,0.25%,,
South Sudan,,34.54%,,
Spain,,0.74%,,
Sri Lanka,,5.63%,,
Sudan,,18.58%,,
Suriname,,,,
Sweden,,1.08%,,
Switzerland,,0.05%,,
Syria,,1.79%,,
Taiwan,,0.00%,,
Tajikistan,,21.36%,,
Tanzania,,56.24%,,
Thailand,,0.93%,,
Togo,,60.97%,,
Tonga,,1.26%,,
Trinidad and Tobago,,,,
Tunisia,,2.57%,,
Turkey,,2.34%,,
Turkmenistan,,,,
Tuvalu,,3.63%,,
Uganda,,57.34%,,
Ukraine,,0.40%,,
United Arab Emirates,,,,
United Kingdom,0.22%,0.25%,#ERROR!,"0,11"
United States,1.25%,1.00%,-0.25 pp,−20%
Uruguay,,0.56%,,
Uzbekistan,,81.50%,,
Vanuatu,,14.65%,,
Venezuela,,14.36%,,
Vietnam,,14.90%,,
Yemen,,10.54%,,
Zambia,,64.70%,,
Zimbabwe,,,,
,,,,
,,,,
Country/area,1963,2004,Absolute Change,Relative Change
Albania,,0.59%,,
Algeria,,,,
Angola,,14.59%,,
Armenia,,5.32%,,
Australia,,0.71%,,
Austria,,0.08%,,
Azerbaijan,,0.00%,,
Bangladesh,,23.97%,,
Belarus,,1.30%,,
Belgium,,0.05%,,
Belize,,19.56%,,
Benin,,53.09%,,
Bhutan,,13.36%,,
Bolivia,,10.22%,,
Bosnia and Herzegovina,,0.18%,,
Botswana,,29.14%,,
Brazil,,11.06%,,
Bulgaria,,5.83%,,
Burkina Faso,,54.70%,,
Burundi,,71.84%,,
Cameroon,,31.42%,,
Canada,,0.24%,,
Cape Verde,,10.57%,,
Central African Republic,,61.88%,,
Chad,,57.79%,,
Chile,,5.29%,,
China,,22.25%,,
Colombia,,12.01%,,
Comoros,,14.63%,,
Congo,,49.55%,,
Costa Rica,,4.66%,,
Cote d'Ivoire,,34.42%,,
Croatia,,0.86%,,
Cyprus,,0.09%,,
Czechia,,0.00%,,
Democratic Republic of Congo,,91.47%,,
Denmark,,0.31%,,
Djibouti,,22.55%,,
Dominican Republic,,11.61%,,
East Timor,,40.88%,,
Ecuador,,15.06%,,
Egypt,,3.11%,,
El Salvador,,11.49%,,
Estonia,,1.08%,,
Eswatini,,56.13%,,
Ethiopia,,34.58%,,
Fiji,,1.68%,,
Finland,,0.04%,,
France,,0.05%,,
Gabon,,5.48%,,
Gambia,,50.69%,,
Georgia,,12.37%,,
Germany,,0.00%,,
Ghana,,42.47%,,
Greece,,0.64%,,
Grenada,,,,
Guatemala,,11.65%,,
Guinea,,53.34%,,
Guinea-Bissau,,53.17%,,
Guyana,,,,
Haiti,,67.83%,,
Honduras,,25.43%,,
Hungary,,0.10%,,
Iceland,,0.17%,,
India,,40.58%,,
Indonesia,,24.24%,,
Iran,,1.02%,,
Iraq,,0.04%,,
Ireland,,0.05%,,
Israel,,0.50%,,
Italy,,0.60%,,
Jamaica,,1.18%,,
Japan,,0.48%,,
Jordan,,0.09%,,
Kazakhstan,,3.32%,,
Kenya,,36.67%,,
Kiribati,,14.03%,,
Kosovo,,4.21%,,
Kyrgyzstan,,11.58%,,
Laos,,25.37%,,
Latvia,,2.49%,,
Lebanon,,,,
Lesotho,,66.28%,,
Liberia,,53.35%,,
Lithuania,,2.71%,,
Luxembourg,,0.02%,,
Madagascar,,74.22%,,
Malawi,,68.86%,,
Malaysia,,1.57%,,
Maldives,,6.61%,,
Mali,,49.68%,,
Malta,,0.51%,,
Marshall Islands,,,,
Mauritania,,18.13%,,
Mauritius,,0.31%,,
Mexico,,7.15%,,
Micronesia (country),,8.56%,,
Moldova,,6.55%,,
Mongolia,,11.61%,,
Montenegro,,,,
Morocco,,4.24%,,
Mozambique,,80.59%,,
Myanmar,,,,
Namibia,,35.86%,,
Nauru,,,,
Nepal,,40.31%,,
Netherlands,,0.24%,,
Nicaragua,,9.10%,,
Niger,,80.50%,,
Nigeria,,47.88%,,
North Macedonia,,9.77%,,
Norway,,0.26%,,
Pakistan,,20.20%,,
Palestine,,0.59%,,
Panama,,8.75%,,
Papua New Guinea,,39.68%,,
Paraguay,,5.71%,,
Peru,,16.31%,,
Philippines,,13.63%,,
Poland,,2.17%,,
Portugal,,0.54%,,
Qatar,,,,
Romania,,7.36%,,
Russia,,1.00%,,
Rwanda,,66.05%,,
Saint Lucia,,,,
Samoa,,2.18%,,
Sao Tome and Principe,,20.45%,,
Senegal,,41.06%,,
Serbia,,,,
Seychelles,,0.37%,,
Sierra Leone,,61.33%,,
Slovakia,,0.07%,,
Slovenia,,0.03%,,
Solomon Islands,,50.62%,,
South Africa,,28.33%,,
South Korea,,0.25%,,
South Sudan,,34.54%,,
Spain,,0.82%,,
Sri Lanka,,5.63%,,
Sudan,,18.58%,,
Suriname,,,,
Sweden,,0.40%,,
Switzerland,,0.00%,,
Syria,,1.06%,,
Taiwan,,0.00%,,
Tajikistan,,21.36%,,
Tanzania,,56.24%,,
Thailand,,1.19%,,
Togo,,60.97%,,
Tonga,,3.09%,,
Trinidad and Tobago,,,,
Tunisia,,2.57%,,
Turkey,,2.01%,,
Turkmenistan,,,,
Tuvalu,,,,
Uganda,,57.34%,,
Ukraine,,0.93%,,
United Arab Emirates,,,,
United Kingdom,0.22%,0.25%,#ERROR!,"0,12"
United States,1.25%,1.00%,-0.25 pp,−20%
Uruguay,,0.56%,,
Uzbekistan,,81.50%,,
Vanuatu,,,,
Venezuela,,16.61%,,
Vietnam,,20.14%,,
Yemen,,10.54%,,
Zambia,,61.06%,,
Zimbabwe,,,,
,,,,
,,,,
Country/area,1963,2003,Absolute Change,Relative Change
Albania,,1.09%,,
Algeria,,,,
Angola,,21.36%,,
Armenia,,7.54%,,
Australia,,1.00%,,
Austria,,0.33%,,
Azerbaijan,,0.05%,,
Bangladesh,,23.97%,,
Belarus,,3.51%,,
Belgium,,0.29%,,
Belize,,19.56%,,
Benin,,53.09%,,
Bhutan,,13.36%,,
Bolivia,,10.22%,,
Bosnia and Herzegovina,,0.18%,,
Botswana,,29.14%,,
Brazil,,12.61%,,
Bulgaria,,5.83%,,
Burkina Faso,,54.70%,,
Burundi,,71.84%,,
Cameroon,,25.69%,,
Canada,,0.24%,,
Cape Verde,,19.57%,,
Central African Republic,,61.88%,,
Chad,,57.79%,,
Chile,,5.29%,,
China,,36.89%,,
Colombia,,13.01%,,
Comoros,,14.63%,,
Congo,,49.55%,,
Costa Rica,,4.72%,,
Cote d'Ivoire,,34.42%,,
Croatia,,,,
Cyprus,,0.09%,,
Czechia,,0.00%,,
Democratic Republic of Congo,,91.47%,,
Denmark,,0.34%,,
Djibouti,,22.55%,,
Dominican Republic,,8.70%,,
East Timor,,40.91%,,
Ecuador,,14.82%,,
Egypt,,3.11%,,
El Salvador,,15.81%,,
Estonia,,2.51%,,
Eswatini,,56.13%,,
Ethiopia,,34.58%,,
Fiji,,1.68%,,
Finland,,0.05%,,
France,,0.16%,,
Gabon,,5.48%,,
Gambia,,50.69%,,
Georgia,,12.95%,,
Germany,,0.00%,,
Ghana,,42.47%,,
Greece,,0.50%,,
Grenada,,,,
Guatemala,,11.65%,,
Guinea,,53.34%,,
Guinea-Bissau,,53.17%,,
Guyana,,11.90%,,
Haiti,,67.83%,,
Honduras,,26.50%,,
Hungary,,0.10%,,
Iceland,,0.00%,,
India,,40.58%,,
Indonesia,,22.82%,,
Iran,,1.02%,,
Iraq,,0.04%,,
Ireland,,0.13%,,
Israel,,0.46%,,
Italy,,0.77%,,
Jamaica,,1.18%,,
Japan,,0.48%,,
Jordan,,0.20%,,
Kazakhstan,,6.17%,,
Kenya,,36.67%,,
Kiribati,,14.03%,,
Kosovo,,2.40%,,
Kyrgyzstan,,25.70%,,
Laos,,25.37%,,
Latvia,,2.49%,,
Lebanon,,,,
Lesotho,,66.28%,,
Liberia,,53.35%,,
Lithuania,,2.71%,,
Luxembourg,,0.07%,,
Madagascar,,74.22%,,
Malawi,,68.86%,,
Malaysia,,1.57%,,
Maldives,,6.61%,,
Mali,,57.15%,,
Malta,,0.51%,,
Marshall Islands,,,,
Mauritania,,18.13%,,
Mauritius,,0.31%,,
Mexico,,7.15%,,
Micronesia (country),,8.56%,,
Moldova,,5.61%,,
Mongolia,,11.61%,,
Montenegro,,,,
Morocco,,4.24%,,
Mozambique,,80.59%,,
Myanmar,,,,
Namibia,,35.86%,,
Nauru,,,,
Nepal,,40.31%,,
Netherlands,,0.24%,,
Nicaragua,,9.10%,,
Niger,,80.50%,,
Nigeria,,47.88%,,
North Macedonia,,,,
Norway,,0.20%,,
Pakistan,,20.20%,,
Palestine,,0.59%,,
Panama,,9.88%,,
Papua New Guinea,,,,
Paraguay,,8.30%,,
Peru,,14.66%,,
Philippines,,13.63%,,
Poland,,2.17%,,
Portugal,,0.90%,,
Qatar,,,,
Romania,,7.36%,,
Russia,,1.09%,,
Rwanda,,66.05%,,
Saint Lucia,,,,
Samoa,,2.18%,,
Sao Tome and Principe,,20.45%,,
Senegal,,41.06%,,
Serbia,,,,
Seychelles,,0.37%,,
Sierra Leone,,61.33%,,
Slovakia,,0.07%,,
Slovenia,,0.03%,,
Solomon Islands,,50.62%,,
South Africa,,28.33%,,
South Korea,,0.25%,,
South Sudan,,,,
Spain,,0.81%,,
Sri Lanka,,11.02%,,
Sudan,,,,
Suriname,,,,
Sweden,,0.32%,,
Switzerland,,0.00%,,
Syria,,1.06%,,
Taiwan,,0.00%,,
Tajikistan,,36.75%,,
Tanzania,,84.04%,,
Thailand,,1.19%,,
Togo,,60.97%,,
Tonga,,3.09%,,
Trinidad and Tobago,,,,
Tunisia,,2.57%,,
Turkey,,3.86%,,
Turkmenistan,,43.12%,,
Tuvalu,,,,
Uganda,,66.03%,,
Ukraine,,1.14%,,
United Arab Emirates,,,,
United Kingdom,0.22%,0.25%,#ERROR!,"0,12"
United States,1.25%,1.00%,-0.25 pp,−20%
Uruguay,,0.56%,,
Uzbekistan,,81.50%,,
Vanuatu,,,,
Venezuela,,19.65%,,
Vietnam,,20.14%,,
Yemen,,10.54%,,
Zambia,,61.06%,,
Zimbabwe,,,,
,,,,
,,,,
Country/area,1963,2002,Absolute Change,Relative Change
Albania,,1.09%,,
Algeria,,,,
Angola,,21.36%,,
Armenia,,9.97%,,
Australia,,1.00%,,
Austria,,0.33%,,
Azerbaijan,,0.08%,,
Bangladesh,,33.32%,,
Belarus,,4.39%,,
Belgium,,0.29%,,
Belize,,19.56%,,
Benin,,53.09%,,
Bhutan,,13.36%,,
Bolivia,,19.69%,,
Bosnia and Herzegovina,,0.33%,,
Botswana,,29.14%,,
Brazil,,11.74%,,
Bulgaria,,5.83%,,
Burkina Faso,,54.70%,,
Burundi,,71.84%,,
Cameroon,,25.69%,,
Canada,,0.24%,,
Cape Verde,,19.57%,,
Central African Republic,,,,
Chad,,57.79%,,
Chile,,5.29%,,
China,,36.89%,,
Colombia,,14.18%,,
Comoros,,14.63%,,
Congo,,49.55%,,
Costa Rica,,4.68%,,
Cote d'Ivoire,,30.36%,,
Croatia,,,,
Cyprus,,0.09%,,
Czechia,,0.00%,,
Democratic Republic of Congo,,91.47%,,
Denmark,,0.34%,,
Djibouti,,22.55%,,
Dominican Republic,,7.61%,,
East Timor,,40.91%,,
Ecuador,,14.82%,,
Egypt,,3.11%,,
El Salvador,,14.73%,,
Estonia,,2.51%,,
Eswatini,,56.13%,,
Ethiopia,,34.58%,,
Fiji,,1.68%,,
Finland,,0.05%,,
France,,0.00%,,
Gabon,,5.48%,,
Gambia,,50.69%,,
Georgia,,12.69%,,
Germany,,0.00%,,
Ghana,,42.47%,,
Greece,,0.50%,,
Grenada,,,,
Guatemala,,9.61%,,
Guinea,,53.34%,,
Guinea-Bissau,,53.17%,,
Guyana,,11.90%,,
Haiti,,67.83%,,
Honduras,,22.00%,,
Hungary,,0.10%,,
Iceland,,0.00%,,
India,,40.58%,,
Indonesia,,23.45%,,
Iran,,1.02%,,
Iraq,,0.04%,,
Ireland,,0.24%,,
Israel,,0.48%,,
Italy,,1.50%,,
Jamaica,,2.13%,,
Japan,,,,
Jordan,,0.20%,,
Kazakhstan,,8.89%,,
Kenya,,36.67%,,
Kiribati,,14.03%,,
Kosovo,,2.40%,,
Kyrgyzstan,,31.15%,,
Laos,,25.37%,,
Latvia,,2.49%,,
Lebanon,,,,
Lesotho,,66.28%,,
Liberia,,53.35%,,
Lithuania,,2.71%,,
Luxembourg,,0.00%,,
Madagascar,,71.00%,,
Malawi,,68.86%,,
Malaysia,,1.57%,,
Maldives,,6.61%,,
Mali,,57.15%,,
Malta,,0.51%,,
Marshall Islands,,,,
Mauritania,,18.13%,,
Mauritius,,0.31%,,
Mexico,,7.52%,,
Micronesia (country),,8.56%,,
Moldova,,13.56%,,
Mongolia,,11.61%,,
Montenegro,,,,
Morocco,,7.93%,,
Mozambique,,80.59%,,
Myanmar,,,,
Namibia,,35.86%,,
Nauru,,,,
Nepal,,40.31%,,
Netherlands,,0.24%,,
Nicaragua,,17.81%,,
Niger,,80.50%,,
Nigeria,,47.88%,,
North Macedonia,,,,
Norway,,0.20%,,
Pakistan,,33.28%,,
Palestine,,0.59%,,
Panama,,9.56%,,
Papua New Guinea,,,,
Paraguay,,13.24%,,
Peru,,17.55%,,
Philippines,,13.63%,,
Poland,,2.17%,,
Portugal,,0.90%,,
Qatar,,,,
Romania,,7.36%,,
Russia,,1.01%,,
Rwanda,,75.21%,,
Saint Lucia,,,,
Samoa,,2.18%,,
Sao Tome and Principe,,20.45%,,
Senegal,,52.44%,,
Serbia,,,,
Seychelles,,0.76%,,
Sierra Leone,,61.33%,,
Slovakia,,0.07%,,
Slovenia,,0.03%,,
Solomon Islands,,50.62%,,
South Africa,,36.83%,,
South Korea,,0.25%,,
South Sudan,,,,
Spain,,0.81%,,
Sri Lanka,,11.02%,,
Sudan,,,,
Suriname,,,,
Sweden,,0.00%,,
Switzerland,,0.00%,,
Syria,,1.06%,,
Taiwan,,0.00%,,
Tajikistan,,36.75%,,
Tanzania,,84.04%,,
Thailand,,1.76%,,
Togo,,60.97%,,
Tonga,,3.09%,,
Trinidad and Tobago,,,,
Tunisia,,4.32%,,
Turkey,,2.10%,,
Turkmenistan,,43.12%,,
Tuvalu,,,,
Uganda,,66.03%,,
Ukraine,,2.66%,,
United Arab Emirates,,,,
United Kingdom,0.22%,0.25%,#ERROR!,"0,12"
United States,1.25%,0.75%,-0.50 pp,−40%
Uruguay,,0.56%,,
Uzbekistan,,80.47%,,
Vanuatu,,,,
Venezuela,,16.38%,,
Vietnam,,29.94%,,
Yemen,,10.54%,,
Zambia,,56.39%,,
Zimbabwe,,,,
,,,,
,,,,
Country/area,1963,2001,Absolute Change,Relative Change
Albania,,1.09%,,
Algeria,,,,
Angola,,21.36%,,
Armenia,,13.97%,,
Australia,,0.75%,,
Austria,,0.00%,,
Azerbaijan,,6.16%,,
Bangladesh,,33.32%,,
Belarus,,6.62%,,
Belgium,,0.31%,,
Belize,,19.56%,,
Benin,,53.09%,,
Bhutan,,13.36%,,
Bolivia,,19.03%,,
Bosnia and Herzegovina,,0.33%,,
Botswana,,29.14%,,
Brazil,,13.04%,,
Bulgaria,,5.83%,,
Burkina Faso,,54.70%,,
Burundi,,79.44%,,
Cameroon,,25.69%,,
Canada,,0.25%,,
Cape Verde,,19.57%,,
Central African Republic,,,,
Chad,,57.79%,,
Chile,,5.83%,,
China,,36.89%,,
Colombia,,21.00%,,
Comoros,,14.63%,,
Congo,,49.55%,,
Costa Rica,,5.09%,,
Cote d'Ivoire,,30.36%,,
Croatia,,,,
Cyprus,,0.09%,,
Czechia,,0.00%,,
Democratic Republic of Congo,,91.47%,,
Denmark,,0.00%,,
Djibouti,,22.55%,,
Dominican Republic,,5.14%,,
East Timor,,40.91%,,
Ecuador,,28.15%,,
Egypt,,0.00%,,
El Salvador,,14.10%,,
Estonia,,2.51%,,
Eswatini,,56.13%,,
Ethiopia,,58.03%,,
Fiji,,1.68%,,
Finland,,0.00%,,
France,,0.00%,,
Gabon,,5.48%,,
Gambia,,50.69%,,
Georgia,,23.01%,,
Germany,,0.00%,,
Ghana,,55.00%,,
Greece,,0.49%,,
Grenada,,,,
Guatemala,,9.61%,,
Guinea,,53.34%,,
Guinea-Bissau,,53.17%,,
Guyana,,11.90%,,
Haiti,,67.83%,,
Honduras,,19.84%,,
Hungary,,0.21%,,
Iceland,,0.00%,,
India,,40.58%,,
Indonesia,,40.34%,,
Iran,,4.29%,,
Iraq,,0.04%,,
Ireland,,0.24%,,
Israel,,0.25%,,
Italy,,1.50%,,
Jamaica,,2.13%,,
Japan,,,,
Jordan,,0.20%,,
Kazakhstan,,12.81%,,
Kenya,,36.67%,,
Kiribati,,14.03%,,
Kosovo,,2.40%,,
Kyrgyzstan,,33.36%,,
Laos,,25.37%,,
Latvia,,2.49%,,
Lebanon,,,,
Lesotho,,66.28%,,
Liberia,,,,
Lithuania,,2.71%,,
Luxembourg,,0.00%,,
Madagascar,,71.00%,,
Malawi,,68.86%,,
Malaysia,,1.57%,,
Maldives,,6.61%,,
Mali,,57.15%,,
Malta,,0.51%,,
Marshall Islands,,,,
Mauritania,,21.49%,,
Mauritius,,0.31%,,
Mexico,,7.52%,,
Micronesia (country),,8.56%,,
Moldova,,23.26%,,
Mongolia,,11.61%,,
Montenegro,,,,
Morocco,,7.93%,,
Mozambique,,80.59%,,
Myanmar,,,,
Namibia,,35.86%,,
Nauru,,,,
Nepal,,40.31%,,
Netherlands,,0.20%,,
Nicaragua,,17.81%,,
Niger,,80.50%,,
Nigeria,,47.88%,,
North Macedonia,,,,
Norway,,0.24%,,
Pakistan,,33.28%,,
Palestine,,0.59%,,
Panama,,14.05%,,
Papua New Guinea,,52.64%,,
Paraguay,,8.94%,,
Peru,,20.25%,,
Philippines,,15.03%,,
Poland,,0.50%,,
Portugal,,0.90%,,
Qatar,,,,
Romania,,2.25%,,
Russia,,1.76%,,
Rwanda,,75.21%,,
Saint Lucia,,,,
Samoa,,2.18%,,
Sao Tome and Principe,,20.45%,,
Senegal,,52.44%,,
Serbia,,,,
Seychelles,,0.76%,,
Sierra Leone,,61.33%,,
Slovakia,,0.07%,,
Slovenia,,0.00%,,
Solomon Islands,,50.62%,,
South Africa,,36.83%,,
South Korea,,0.25%,,
South Sudan,,,,
Spain,,0.68%,,
Sri Lanka,,11.02%,,
Sudan,,,,
Suriname,,,,
Sweden,,0.25%,,
Switzerland,,0.00%,,
Syria,,1.06%,,
Taiwan,,0.00%,,
Tajikistan,,36.75%,,
Tanzania,,84.04%,,
Thailand,,1.76%,,
Togo,,60.97%,,
Tonga,,3.09%,,
Trinidad and Tobago,,,,
Tunisia,,4.32%,,
Turkey,,2.10%,,
Turkmenistan,,43.12%,,
Tuvalu,,,,
Uganda,,66.03%,,
Ukraine,,2.66%,,
United Arab Emirates,,,,
United Kingdom,0.22%,0.25%,#ERROR!,"0,11"
United States,1.25%,0.75%,-0.50 pp,−40%
Uruguay,,0.56%,,
Uzbekistan,,80.47%,,
Vanuatu,,,,
Venezuela,,10.29%,,
Vietnam,,29.94%,,
Yemen,,8.10%,,
Zambia,,56.39%,,
Zimbabwe,,,,
,,,,
,,,,
Country/area,1963,2000,Absolute Change,Relative Change
Albania,,1.09%,,
Algeria,,6.12%,,
Angola,,21.36%,,
Armenia,,13.97%,,
Australia,,0.75%,,
Austria,,0.00%,,
Azerbaijan,,6.16%,,
Bangladesh,,33.32%,,
Belarus,,13.64%,,
Belgium,,0.31%,,
Belize,,19.56%,,
Benin,,53.09%,,
Bhutan,,13.36%,,
Bolivia,,24.25%,,
Bosnia and Herzegovina,,0.33%,,
Botswana,,29.14%,,
Brazil,,13.04%,,
Bulgaria,,,,
Burkina Faso,,79.92%,,
Burundi,,79.44%,,
Cameroon,,25.69%,,
Canada,,0.25%,,
Cape Verde,,19.57%,,
Central African Republic,,,,
Chad,,57.79%,,
Chile,,5.83%,,
China,,46.13%,,
Colombia,,17.50%,,
Comoros,,14.63%,,
Congo,,49.55%,,
Costa Rica,,6.93%,,
Cote d'Ivoire,,30.36%,,
Croatia,,,,
Cyprus,,0.09%,,
Czechia,,0.00%,,
Democratic Republic of Congo,,91.47%,,
Denmark,,0.00%,,
Djibouti,,22.55%,,
Dominican Republic,,6.71%,,
East Timor,,40.91%,,
Ecuador,,28.15%,,
Egypt,,0.00%,,
El Salvador,,12.94%,,
Estonia,,2.51%,,
Eswatini,,56.13%,,
Ethiopia,,58.03%,,
Fiji,,1.68%,,
Finland,,0.00%,,
France,,0.00%,,
Gabon,,5.48%,,
Gambia,,74.10%,,
Georgia,,22.90%,,
Germany,,0.00%,,
Ghana,,55.00%,,
Greece,,0.49%,,
Grenada,,,,
Guatemala,,9.61%,,
Guinea,,53.34%,,
Guinea-Bissau,,53.17%,,
Guyana,,11.90%,,
Haiti,,67.83%,,
Honduras,,19.84%,,
Hungary,,0.21%,,
Iceland,,0.00%,,
India,,40.58%,,
Indonesia,,43.84%,,
Iran,,4.29%,,
Iraq,,,,
Ireland,,0.18%,,
Israel,,0.25%,,
Italy,,1.25%,,
Jamaica,,2.31%,,
Japan,,,,
Jordan,,0.20%,,
Kazakhstan,,12.81%,,
Kenya,,25.39%,,
Kiribati,,,,
Kosovo,,2.40%,,
Kyrgyzstan,,38.18%,,
Laos,,25.37%,,
Latvia,,2.49%,,
Lebanon,,,,
Lesotho,,66.28%,,
Liberia,,,,
Lithuania,,2.71%,,
Luxembourg,,0.00%,,
Madagascar,,71.00%,,
Malawi,,58.45%,,
Malaysia,,1.57%,,
Maldives,,6.61%,,
Mali,,57.15%,,
Malta,,,,
Marshall Islands,,,,
Mauritania,,21.49%,,
Mauritius,,,,
Mexico,,10.68%,,
Micronesia (country),,8.56%,,
Moldova,,31.08%,,
Mongolia,,11.61%,,
Montenegro,,,,
Morocco,,7.93%,,
Mozambique,,80.59%,,
Myanmar,,,,
Namibia,,35.86%,,
Nauru,,,,
Nepal,,40.31%,,
Netherlands,,0.20%,,
Nicaragua,,17.81%,,
Niger,,80.50%,,
Nigeria,,47.88%,,
North Macedonia,,,,
Norway,,0.24%,,
Pakistan,,33.28%,,
Palestine,,0.59%,,
Panama,,11.07%,,
Papua New Guinea,,52.64%,,
Paraguay,,8.94%,,
Peru,,19.27%,,
Philippines,,15.03%,,
Poland,,0.50%,,
Portugal,,0.90%,,
Qatar,,,,
Romania,,2.25%,,
Russia,,2.98%,,
Rwanda,,75.21%,,
Saint Lucia,,38.13%,,
Samoa,,2.18%,,
Sao Tome and Principe,,20.45%,,
Senegal,,52.44%,,
Serbia,,,,
Seychelles,,0.76%,,
Sierra Leone,,61.33%,,
Slovakia,,0.07%,,
Slovenia,,0.00%,,
Solomon Islands,,50.62%,,
South Africa,,36.83%,,
South Korea,,,,
South Sudan,,,,
Spain,,0.68%,,
Sri Lanka,,11.02%,,
Sudan,,,,
Suriname,,,,
Sweden,,0.00%,,
Switzerland,,0.00%,,
Syria,,1.06%,,
Taiwan,,0.00%,,
Tajikistan,,61.96%,,
Tanzania,,84.04%,,
Thailand,,3.97%,,
Togo,,,,
Tonga,,3.09%,,
Trinidad and Tobago,,,,
Tunisia,,4.32%,,
Turkey,,2.10%,,
Turkmenistan,,43.12%,,
Tuvalu,,,,
Uganda,,67.95%,,
Ukraine,,2.66%,,
United Arab Emirates,,,,
United Kingdom,0.22%,0.25%,#ERROR!,"0,12"
United States,1.25%,0.75%,-0.50 pp,−40%
Uruguay,,,,
Uzbekistan,,81.34%,,
Vanuatu,,,,
Venezuela,,10.29%,,
Vietnam,,29.94%,,
Yemen,,8.10%,,
Zambia,,56.39%,,
Zimbabwe,,,,